key,english,spanish,problems,reviewed
free_exercise_db:3_4_Sit-Up,3/4 Sit-Up,Abdominal 3/4,,yes
exercisedb_v1:2gPfomN,3/4 Sit-up,Abdominal 3/4,,yes
exercisedb_v1:Hy9D21L,45° Side Bend,Inclinación lateral a 45°,,yes
free_exercise_db:90_90_Hamstring,90/90 Hamstring,Estiramiento de isquiotibiales 90/90,,yes
free_exercise_db:Ab_Crunch_Machine,Ab Crunch Machine,Crunch abdominal en máquina,,yes
free_exercise_db:Ab_Roller,Ab Roller,Rueda abdominal,,yes
exercisedb_v1:w7obpWd,Active Style Cable Pushdown,Extensión de tríceps en polea estilo activo,,yes
free_exercise_db:Adductor,Adductor,Automasaje con rodillo de aductores,,yes
free_exercise_db:Adductor_Groin,Adductor/Groin,Estiramiento de aductores e ingle con compañero,,yes
exercisedb_v1:2Ty4idJ,Advanced Dumbbell Stiff Leg Deadlift,Peso muerto con piernas rígidas con mancuernas avanzado,,yes
free_exercise_db:Advanced_Kettlebell_Windmill,Advanced Kettlebell Windmill,Molino con pesa rusa avanzado,,yes
free_exercise_db:Air_Bike,Air Bike,Bicicleta abdominal,,yes
exercisedb_v1:1ZFqTDN,Air Bike,Bicicleta abdominal,,yes
free_exercise_db:All_Fours_Quad_Stretch,All Fours Quad Stretch,Estiramiento de cuádriceps en cuatro apoyos,,yes
exercisedb_v1:qBcKorM,All Fours Squad Stretch,Estiramiento de cuádriceps en cuadrupedia,,yes
exercisedb_v1:LzX8YEz,All Fours Squad Stretch - Elevated Variation,Estiramiento de cuádriceps en cuadrupedia elevado,,yes
free_exercise_db:Alternate_Hammer_Curl,Alternate Hammer Curl,Curl martillo alterno con mancuernas,,yes
free_exercise_db:Alternate_Heel_Touchers,Alternate Heel Touchers,Toques alternos de talones,,yes
exercisedb_v1:qaZVsGk,Alternate Heel Touchers,Toques alternos de talón,,yes
free_exercise_db:Alternate_Incline_Dumbbell_Curl,Alternate Incline Dumbbell Curl,Curl inclinado alterno con mancuernas,,yes
exercisedb_v1:4IKbhHV,Alternate Lateral Pulldown,Jalón al pecho alterno,,yes
free_exercise_db:Alternate_Leg_Diagonal_Bound,Alternate Leg Diagonal Bound,Salto diagonal alterno,,yes
exercisedb_v1:gTGciXz,Alternating Bear Crawl,Caminata de oso alterna,,yes
free_exercise_db:Alternating_Cable_Shoulder_Press,Alternating Cable Shoulder Press,Press de hombros alterno en polea,,yes
free_exercise_db:Alternating_Deltoid_Raise,Alternating Deltoid Raise,Elevación alterna de deltoides con mancuernas,,yes
free_exercise_db:Alternating_Floor_Press,Alternating Floor Press,Press en el suelo alterno con pesas rusas,,yes
free_exercise_db:Alternating_Hang_Clean,Alternating Hang Clean,Cargada colgante alterna con pesas rusas,,yes
free_exercise_db:Alternating_Kettlebell_Press,Alternating Kettlebell Press,Press alterno con pesas rusas,,yes
free_exercise_db:Alternating_Kettlebell_Row,Alternating Kettlebell Row,Remo alterno con pesas rusas,,yes
free_exercise_db:Alternating_Renegade_Row,Alternating Renegade Row,Remo renegado alterno con pesas rusas,,yes
free_exercise_db:Ankle_Circles,Ankle Circles,Círculos de tobillo,,yes
exercisedb_v1:uL9CsKm,Ankle Circles,Círculos de tobillo,,yes
free_exercise_db:Ankle_On_The_Knee,Ankle On The Knee,Tobillo sobre la rodilla,,yes
free_exercise_db:Anterior_Tibialis-SMR,Anterior Tibialis-SMR,Liberación miofascial del tibial anterior,,yes
free_exercise_db:Anti-Gravity_Press,Anti-Gravity Press,Press antigravedad con barra,,yes
exercisedb_v1:72BC5Za,Archer Pull Up,Dominada del arquero,,yes
exercisedb_v1:A9qxk2F,Archer Push Up,Flexión de arquero,,yes
free_exercise_db:Arm_Circles,Arm Circles,Círculos de brazos,,yes
exercisedb_v1:uWpxD4v,Arm Slingers Hanging Bent Knee Legs,Elevación de rodillas colgado de la barra,,yes
exercisedb_v1:PXTIwgu,Arm Slingers Hanging Straight Legs,Elevación de piernas rectas colgado de la barra,,yes
exercisedb_v1:RtyAsy1,Arms Apart Circular Toe Touch (male),Toque de puntas de los pies circular con brazos abiertos,,yes
exercisedb_v1:NAkmgdx,Arms Overhead Full Sit-up (male),Abdominal completo con brazos por encima de la cabeza,,yes
free_exercise_db:Arnold_Dumbbell_Press,Arnold Dumbbell Press,Press Arnold con mancuernas,,yes
free_exercise_db:Around_The_Worlds,Around The Worlds,Vuelta al mundo con mancuernas,,yes
exercisedb_v1:PAgTVaK,Assisted Chest Dip (kneeling),Fondo de pecho asistido de rodillas,,yes
exercisedb_v1:03lzqwk,Assisted Hanging Knee Raise,Elevación de rodillas colgado asistida,,yes
exercisedb_v1:8K0w2yA,Assisted Hanging Knee Raise With Throw Down,Elevación de rodillas colgado asistida con lanzamiento hacia abajo,,yes
exercisedb_v1:GxDwDX0,Assisted Lying Calves Stretch,Estiramiento de pantorrillas acostado asistido,,yes
exercisedb_v1:yn0LjwL,Assisted Lying Glutes Stretch,Estiramiento de glúteos acostado asistido,,yes
exercisedb_v1:RQNVT10,Assisted Lying Gluteus And Piriformis Stretch,Estiramiento de glúteo y piriforme acostado asistido,,yes
exercisedb_v1:UGhRD1A,Assisted Lying Leg Raise With Lateral Throw Down,Elevación de piernas acostado asistida con lanzamiento lateral hacia abajo,,yes
exercisedb_v1:VX5YKR5,Assisted Lying Leg Raise With Throw Down,Elevación de piernas acostado asistida con lanzamiento hacia abajo,,yes
exercisedb_v1:r7cT9YD,Assisted Motion Russian Twist,Giro ruso asistido,,yes
exercisedb_v1:vrhHa6D,Assisted Parallel Close Grip Pull-up,Dominada asistida con agarre cerrado en paralelas,,yes
exercisedb_v1:VedGSby,Assisted Prone Hamstring,Curl femoral boca abajo asistido,,yes
exercisedb_v1:YUYAMEj,Assisted Prone Lying Quads Stretch,Estiramiento de cuádriceps boca abajo asistido,,yes
exercisedb_v1:2Ryn564,Assisted Prone Rectus Femoris Stretch,Estiramiento del recto femoral boca abajo asistido,,yes
exercisedb_v1:kiJ4Z2K,Assisted Pull-up,Dominada asistida en máquina,,yes
exercisedb_v1:5ipN0iE,Assisted Pull-up Inclined,Dominada asistida inclinada en máquina,,yes
exercisedb_v1:RoV1Rfa,Assisted Seated Pectoralis Major Stretch With Stability Ball,Estiramiento del pectoral mayor sentado con fitball asistido,,yes
exercisedb_v1:hC6oYY5,Assisted Side Lying Adductor Stretch,Estiramiento de aductores acostado de lado asistido,,yes
exercisedb_v1:aumB2IV,Assisted Sit-up,Abdominal asistido,,yes
exercisedb_v1:7OeHptV,Assisted Standing Chin-up,Dominada supina asistida de pie,,yes
exercisedb_v1:LlSe9IK,Assisted Standing Chin-up With Focused,Dominada supina asistida de pie enfocada,,yes
exercisedb_v1:f4xtKBj,Assisted Standing Pull-up,Dominada asistida de pie,,yes
exercisedb_v1:7HcfMBP,Assisted Standing Triceps Extension (with Towel),Extensión de tríceps de pie con toalla asistida,,yes
exercisedb_v1:7R4NIjL,Assisted Standing Triceps Extension (with Towel) With Horizontal,Extensión de tríceps de pie con toalla asistida (horizontal),,yes
exercisedb_v1:J60bN17,Assisted Triceps Dip (kneeling),Fondo de tríceps asistido de rodillas,,yes
exercisedb_v1:PnZJIrk,Assisted Wide-grip Chest Dip (kneeling),Fondo de pecho asistido con agarre abierto de rodillas,,yes
exercisedb_v1:f9lVSSI,Astride Jumps (male),Saltos con apertura de piernas,,yes
exercisedb_v1:hVzPY5j,Athletic Style Battling Ropes,Cuerdas de batalla estilo atlético,,yes
free_exercise_db:Atlas_Stone_Trainer,Atlas Stone Trainer,Simulador de piedra de Atlas,,yes
free_exercise_db:Atlas_Stones,Atlas Stones,Piedras de Atlas,,yes
free_exercise_db:Axle_Deadlift,Axle Deadlift,Peso muerto con barra axle,,yes
exercisedb_v1:fNGumX0,Back And Forth Step,Paso adelante y atrás,,yes
exercisedb_v1:qLpO4vV,Back Extension On Exercise Ball,Extensión de espalda en fitball,,yes
free_exercise_db:Back_Flyes_-_With_Bands,Back Flyes - With Bands,Aperturas posteriores con banda elástica,,yes
exercisedb_v1:GaSzzuh,Back Lever,Back lever,,yes
exercisedb_v1:chfnQnM,Back Pec Stretch,Estiramiento de espalda y pectoral,,yes
free_exercise_db:Backward_Drag,Backward Drag,Arrastre de trineo hacia atrás,,yes
exercisedb_v1:SaDOwk7,Backward Jump,Salto hacia atrás,,yes
free_exercise_db:Backward_Medicine_Ball_Throw,Backward Medicine Ball Throw,Lanzamiento hacia atrás con balón medicinal,,yes
free_exercise_db:Balance_Board,Balance Board,Tabla de equilibrio,,yes
exercisedb_v1:xAySMB0,Balance Board,Equilibrio en tabla,,yes
exercisedb_v1:drfGhTV,Balance Cable Incline Fly,Aperturas inclinadas en polea con equilibrio,,yes
free_exercise_db:Ball_Leg_Curl,Ball Leg Curl,Curl femoral en fitball,,yes
exercisedb_v1:3omWx6P,Band Alternating Biceps Curl,Curl de bíceps alterno con banda elástica,,yes
exercisedb_v1:ztAa1RK,Band Alternating V-up,Abdominal en V alterno con banda elástica,,yes
exercisedb_v1:3pqGMQj,Band Alternating V-up With Simple,Abdominal en V alterno con banda elástica (simple),,yes
free_exercise_db:Band_Assisted_Pull-Up,Band Assisted Pull-Up,Dominada asistida con banda elástica,,yes
exercisedb_v1:r1XNRYB,Band Assisted Pull-up,Dominada asistida con banda elástica,,yes
exercisedb_v1:zhF9lW4,Band Assisted Wheel Rollerout,Rueda abdominal asistida con banda elástica,,yes
exercisedb_v1:khlHMqs,Band Bench Press,Press de banca con banda elástica,,yes
exercisedb_v1:wSScovH,Band Bent-over Hip Extension,Extensión de cadera inclinado hacia adelante con banda elástica,,yes
exercisedb_v1:tZkGYZ9,Band Bicycle Crunch,Crunch bicicleta con banda elástica,,yes
exercisedb_v1:DptumMx,Band Close-grip Pulldown,Jalón con agarre cerrado con banda elástica,,yes
exercisedb_v1:ufaxB52,Band Close-grip Push-up,Flexión con agarre cerrado con banda elástica,,yes
exercisedb_v1:kmVVAfu,Band Concentration Curl,Curl concentrado con banda elástica,,yes
exercisedb_v1:4LoWllp,Band Fixed Back Close Grip Pulldown,Jalón con agarre cerrado y espalda fija con banda elástica,,yes
exercisedb_v1:ZH68exZ,Band Fixed Back Underhand Pulldown,Jalón con agarre supino y espalda fija con banda elástica,,yes
exercisedb_v1:sTg7iys,Band Front Lateral Raise,Elevación frontal lateral con banda elástica,,yes
exercisedb_v1:TFA88iB,Band Front Raise,Elevación frontal con banda elástica,,yes
free_exercise_db:Band_Good_Morning,Band Good Morning,Buenos días con banda elástica,,yes
free_exercise_db:Band_Good_Morning_Pull_Through,Band Good Morning (Pull Through),Buenos días con banda elástica (pull through),,yes
free_exercise_db:Band_Hip_Adductions,Band Hip Adductions,Aducción de cadera con banda elástica,,yes
exercisedb_v1:E4R8Hz1,Band Hip Lift,Elevación de cadera con banda elástica,,yes
exercisedb_v1:9pa4H5m,Band Horizontal Pallof Press,Press Pallof horizontal con banda elástica,,yes
exercisedb_v1:KCBKjma,Band Jack Knife Sit-up,Abdominal navaja con banda elástica,,yes
exercisedb_v1:pmnrOp0,Band Kneeling One Arm Pulldown,Jalón a una mano de rodillas con banda elástica,,yes
exercisedb_v1:225x2Vd,Band Kneeling Twisting Crunch,Crunch con giro de rodillas con banda elástica,,yes
exercisedb_v1:vIICElP,Band Lying Hip Internal Rotation,Rotación interna de cadera acostado con banda elástica,,yes
exercisedb_v1:bbLR7fB,Band Lying Straight Leg Raise,Elevación de piernas estiradas acostado con banda elástica,,yes
exercisedb_v1:UNAB8ak,Band One Arm Overhead Biceps Curl,Curl de bíceps por encima de la cabeza a una mano con banda elástica,,yes
exercisedb_v1:arsYEd3,Band One Arm Single Leg Split Squat,Sentadilla dividida a una pierna y a una mano con banda elástica,,yes
exercisedb_v1:km0sQC0,Band One Arm Standing Low Row,Remo bajo a una mano de pie con banda elástica,,yes
exercisedb_v1:pgIdT6i,Band One Arm Standing Low Row - Lateral Variation,Remo bajo a una mano de pie con banda elástica - variante lateral,,yes
exercisedb_v1:c16nYGA,Band One Arm Twisting Chest Press,Press de pecho a una mano con giro con banda elástica,,yes
exercisedb_v1:DKBwJrL,Band One Arm Twisting Seated Row,Remo sentado a una mano con giro con banda elástica,,yes
free_exercise_db:Band_Pull_Apart,Band Pull Apart,Pull apart con banda elástica,,yes
exercisedb_v1:VtTbiP3,Band Pull Through,Pull through con banda elástica,,yes
exercisedb_v1:zFzbBfL,Band Push Sit-up,Abdominal con empuje de banda elástica,,yes
exercisedb_v1:sTfvVsG,Band Reverse Fly,Aperturas posteriores con banda elástica,,yes
exercisedb_v1:Ezpnw9d,Band Reverse Wrist Curl,Curl de muñeca invertido con banda elástica,,yes
exercisedb_v1:9gbyYKk,Band Seated Hip Internal Rotation,Rotación interna de cadera sentado con banda elástica,,yes
exercisedb_v1:S1JXDAG,Band Seated Twist,Giro sentado con banda elástica,,yes
exercisedb_v1:L68dTQj,Band Seated Twist Pure,Giro sentado con banda elástica,,yes
exercisedb_v1:peAeMR3,Band Shoulder Press,Press de hombros con banda elástica,,yes
exercisedb_v1:trmte8s,Band Shrug,Encogimiento de hombros con banda elástica,,yes
exercisedb_v1:obe5LMq,Band Side Triceps Extension,Extensión lateral de tríceps con banda elástica,,yes
exercisedb_v1:9JprnPh,Band Single Leg Calf Raise,Elevación de talones a una pierna con banda elástica,,yes
exercisedb_v1:QsSQWbf,Band Single Leg Reverse Calf Raise,Elevación de talones invertida a una pierna con banda elástica,,yes
exercisedb_v1:y8bYM8w,Band Single Leg Split Squat,Sentadilla dividida a una pierna con banda elástica,,yes
free_exercise_db:Band_Skull_Crusher,Band Skull Crusher,Rompecráneos con banda elástica,,yes
exercisedb_v1:TUZLh71,Band Squat,Sentadilla con banda elástica,,yes
exercisedb_v1:w1NOByi,Band Squat Row,Remo en sentadilla con banda elástica,,yes
exercisedb_v1:Kzg30R7,Band Standing Crunch,Crunch de pie con banda elástica,,yes
exercisedb_v1:tc5dYrf,Band Standing Rear Delt Row,Remo para deltoides posterior de pie con banda elástica,,yes
exercisedb_v1:euq4pwp,Band Standing Twisting Crunch,Crunch con giro de pie con banda elástica,,yes
exercisedb_v1:d5bTEPV,Band Step-up,Subida al cajón con banda elástica,,yes
exercisedb_v1:kuMiR2T,Band Stiff Leg Deadlift,Peso muerto con piernas rígidas con banda elástica,,yes
exercisedb_v1:lHeUULr,Band Straight Back Stiff Leg Deadlift,Peso muerto con piernas rígidas y espalda recta con banda elástica,,yes
exercisedb_v1:KUaoUV8,Band Straight Leg Deadlift,Peso muerto con piernas rectas con banda elástica,,yes
exercisedb_v1:u4bAmKp,Band Twisting Overhead Press,Press por encima de la cabeza con giro con banda elástica,,yes
exercisedb_v1:jl6uxZV,Band Two Legs Calf Raise - (band Under Both Legs) V. 2,Elevación de talones a dos piernas con banda elástica (banda bajo ambas piernas),,yes
exercisedb_v1:k6tUeqS,Band Underhand Pulldown,Jalón con agarre supino con banda elástica,,yes
exercisedb_v1:0I5fUyn,Band Underhand Pulldown With Classic,Jalón clásico con agarre supino con banda elástica,,yes
exercisedb_v1:H6ETwO9,Band V-up,V-up con banda elástica,,yes
exercisedb_v1:G7PXMlT,Band Vertical Pallof Press,Press Pallof vertical con banda elástica,,yes
exercisedb_v1:kLiIFdB,Band Vertical Pallof Press - Seated Variation,Press Pallof vertical sentado con banda elástica,,yes
exercisedb_v1:vUTfFHw,Band Wrist Curl,Curl de muñeca con banda elástica,,yes
exercisedb_v1:aHDy5O5,Band Y-raise,Elevación en Y con banda elástica,,yes
free_exercise_db:Barbell_Ab_Rollout,Barbell Ab Rollout,Rueda abdominal con barra,,yes
free_exercise_db:Barbell_Ab_Rollout_-_On_Knees,Barbell Ab Rollout - On Knees,Rueda abdominal con barra de rodillas,,yes
exercisedb_v1:Yza7XrQ,Barbell Alternate Biceps Curl,Curl de bíceps alterno con barra,,yes
exercisedb_v1:Y7YcmIJ,Barbell Bench Front Squat,Sentadilla frontal al banco con barra,,yes
exercisedb_v1:EIeI8Vf,Barbell Bench Press,Press de banca con barra,,yes
free_exercise_db:Barbell_Bench_Press_-_Medium_Grip,Barbell Bench Press - Medium Grip,Press de banca con barra y agarre medio,,yes
exercisedb_v1:W9pFVv1,Barbell Bench Squat,Sentadilla al banco con barra,,yes
exercisedb_v1:cA9FuWG,Barbell Bent Arm Pullover,Pullover con barra y brazos flexionados,,yes
exercisedb_v1:EnPivTL,Barbell Bent Arm Pullover - Powerful Variation,Pullover con barra y brazos flexionados explosivo,,yes
exercisedb_v1:eZyBC3j,Barbell Bent Over Row,Remo inclinado con barra,,yes
exercisedb_v1:aee2Fcj,Barbell Biceps Curl (with Arm Blaster),Curl de bíceps con barra (con arm blaster),,yes
exercisedb_v1:SGY8Zui,Barbell Clean And Press,Cargada y press con barra,,yes
exercisedb_v1:qi996YS,Barbell Clean-grip Front Squat,Sentadilla frontal con barra y agarre de cargada,,yes
exercisedb_v1:J6Dx1Mu,Barbell Close-grip Bench Press,Press de banca con barra y agarre cerrado,,yes
free_exercise_db:Barbell_Curl,Barbell Curl,Curl con barra,,yes
exercisedb_v1:25GPyDY,Barbell Curl,Curl con barra,,yes
free_exercise_db:Barbell_Curls_Lying_Against_An_Incline,Barbell Curls Lying Against An Incline,Curl con barra acostado en banco inclinado,,yes
free_exercise_db:Barbell_Deadlift,Barbell Deadlift,Peso muerto con barra,,yes
exercisedb_v1:ila4NZS,Barbell Deadlift,Peso muerto con barra,,yes
exercisedb_v1:GrO65fd,Barbell Decline Bench Press,Press de banca declinado con barra,,yes
exercisedb_v1:hMEptv0,Barbell Decline Bent Arm Pullover,Pullover declinado con barra y brazos flexionados,,yes
exercisedb_v1:LMGXZn8,Barbell Decline Close Grip To Skull Press,Rompecráneos declinado con barra y agarre cerrado,,yes
exercisedb_v1:9sgNE2O,Barbell Decline Pullover,Pullover declinado con barra,,yes
exercisedb_v1:hl8DUh8,Barbell Decline Wide-grip Press,Press declinado con barra y agarre abierto,,yes
exercisedb_v1:Hj4FOCd,Barbell Decline Wide-grip Pullover,Pullover declinado con barra y agarre abierto,,yes
exercisedb_v1:IENzBdA,Barbell Drag Curl,Drag curl con barra,,yes
exercisedb_v1:2IHEa2T,Barbell Floor Calf Raise,Elevación de talones en el suelo con barra,,yes
exercisedb_v1:IeTIEqg,Barbell Front Chest Squat,Sentadilla frontal al pecho con barra,,yes
exercisedb_v1:b2Uoz54,Barbell Front Raise,Elevación frontal con barra,,yes
exercisedb_v1:33AzZeV,Barbell Front Raise And Pullover,Elevación frontal y pullover con barra,,yes
exercisedb_v1:zG0zs85,Barbell Front Squat,Sentadilla frontal con barra,,yes
free_exercise_db:Barbell_Full_Squat,Barbell Full Squat,Sentadilla completa con barra,,yes
exercisedb_v1:qXTaZnJ,Barbell Full Squat,Sentadilla completa con barra,,yes
exercisedb_v1:DhMl549,Barbell Full Squat (back Pov),Sentadilla completa con barra,,yes
exercisedb_v1:iYzB0Cz,Barbell Full Squat (side Pov),Sentadilla completa con barra,,yes
exercisedb_v1:vR1vold,Barbell Full Zercher Squat,Sentadilla Zercher completa con barra,,yes
free_exercise_db:Barbell_Glute_Bridge,Barbell Glute Bridge,Puente de glúteos con barra,,yes
exercisedb_v1:qKBpF7I,Barbell Glute Bridge,Puente de glúteos con barra,,yes
exercisedb_v1:qg2PGl6,Barbell Glute Bridge Two Legs On Bench (male),Puente de glúteos con barra y ambas piernas en el banco,,yes
exercisedb_v1:XlZ4lAC,Barbell Good Morning,Buenos días con barra,,yes
free_exercise_db:Barbell_Guillotine_Bench_Press,Barbell Guillotine Bench Press,Press de banca guillotina con barra,,yes
exercisedb_v1:GXoaSgn,Barbell Guillotine Bench Press,Press de banca guillotina con barra,,yes
free_exercise_db:Barbell_Hack_Squat,Barbell Hack Squat,Sentadilla hack con barra,,yes
exercisedb_v1:5VCj6iH,Barbell Hack Squat,Sentadilla hack con barra,,yes
exercisedb_v1:Gnfo4FM,Barbell High Bar Squat,Sentadilla con barra alta,,yes
exercisedb_v1:KenZJQV,Barbell High Bar Squat Core,Sentadilla con barra alta con énfasis en el core,,yes
free_exercise_db:Barbell_Hip_Thrust,Barbell Hip Thrust,Hip thrust con barra,,yes
exercisedb_v1:3TZduzM,Barbell Incline Bench Press,Press de banca inclinado con barra,,yes
free_exercise_db:Barbell_Incline_Bench_Press_-_Medium_Grip,Barbell Incline Bench Press - Medium Grip,Press de banca inclinado con barra y agarre medio,,yes
exercisedb_v1:9Z23cLE,Barbell Incline Bench Press Seated,Press de banca inclinado sentado con barra,,yes
exercisedb_v1:gx7s7uF,Barbell Incline Close Grip Bench Press,Press de banca inclinado con barra y agarre cerrado,,yes
exercisedb_v1:641mIfk,Barbell Incline Reverse-grip Press,Press inclinado con barra y agarre invertido,,yes
exercisedb_v1:dmgMp3n,Barbell Incline Row,Remo en banco inclinado con barra,,yes
free_exercise_db:Barbell_Incline_Shoulder_Raise,Barbell Incline Shoulder Raise,Elevación de hombros en banco inclinado con barra,,yes
exercisedb_v1:xi0yckC,Barbell Incline Shoulder Raise,Elevación de hombros en banco inclinado con barra,,yes
exercisedb_v1:pkSoCW9,Barbell Jefferson Squat,Sentadilla Jefferson con barra,,yes
exercisedb_v1:ZsiqXYa,Barbell Jm Bench Press,JM press con barra,,yes
exercisedb_v1:1gFNTZV,Barbell Jump Squat,Sentadilla con salto con barra,,yes
exercisedb_v1:py1HSzx,Barbell Lateral Lunge,Zancada lateral con barra,,yes
exercisedb_v1:bTpEUcm,Barbell Low Bar Squat,Sentadilla con barra baja,,yes
free_exercise_db:Barbell_Lunge,Barbell Lunge,Zancada con barra,,yes
exercisedb_v1:t8iSghb,Barbell Lunge,Zancada con barra,,yes
exercisedb_v1:yg8Totb,Barbell Lying Back Of The Head Tricep Extension,Extensión de tríceps tras nuca acostado con barra,,yes
exercisedb_v1:EcaV7aL,Barbell Lying Close-grip Press,Press acostado con barra y agarre cerrado,,yes
exercisedb_v1:HJ63mSO,Barbell Lying Close-grip Triceps Extension,Extensión de tríceps acostado con barra y agarre cerrado,,yes
exercisedb_v1:EMpUwRI,Barbell Lying Extension,Extensión acostado con barra,,yes
exercisedb_v1:SNFfUff,Barbell Lying Lifting (on Hip),Elevación de cadera acostado con barra,,yes
exercisedb_v1:SYJ4Bkt,Barbell Lying Preacher Curl,Curl predicador acostado con barra,,yes
exercisedb_v1:iZop9xO,Barbell Lying Triceps Extension,Extensión de tríceps acostado con barra,,yes
exercisedb_v1:1TVoin7,Barbell Lying Triceps Extension Double,Extensión de tríceps doble acostado con barra,,yes
exercisedb_v1:h8LFzo9,Barbell Lying Triceps Extension Skull Crusher,Rompecráneos con barra,,yes
exercisedb_v1:elhhVgj,Barbell Narrow Stance Squat,Sentadilla con barra y postura cerrada,,yes
exercisedb_v1:Jsgsc27,Barbell One Arm Bent Over Row,Remo inclinado con barra a una mano,,yes
exercisedb_v1:vtusOWT,Barbell One Arm Floor Press,Press en el suelo con barra a una mano,,yes
exercisedb_v1:2DxtqHL,Barbell One Arm Side Deadlift,Peso muerto lateral con barra a una mano,,yes
exercisedb_v1:xHKN2s8,Barbell One Arm Snatch,Arranque con barra a una mano,,yes
exercisedb_v1:uKyN64F,Barbell One Leg Squat,Sentadilla a una pierna con barra,,yes
exercisedb_v1:gfk9kD4,Barbell Overhead Squat,Sentadilla con barra por encima de la cabeza,,yes
exercisedb_v1:yzYH9pI,Barbell Palms Down Wrist Curl Over A Bench,Curl de muñeca con barra sobre banco con palmas hacia abajo,,yes
exercisedb_v1:SJAA2IQ,Barbell Palms Up Wrist Curl Over A Bench,Curl de muñeca con barra sobre banco con palmas hacia arriba,,yes
exercisedb_v1:r0z6xzQ,Barbell Pendlay Row,Remo Pendlay con barra,,yes
exercisedb_v1:bndCa3Q,Barbell Pin Presses,Press desde pines con barra,,yes
exercisedb_v1:qOgPVf6,Barbell Preacher Curl,Curl predicador con barra,,yes
exercisedb_v1:wnEscH8,Barbell Press Sit-up,Abdominal con press de barra,,yes
exercisedb_v1:WLvTAv5,Barbell Prone Incline Curl,Curl inclinado boca abajo con barra,,yes
exercisedb_v1:Um8xUAc,Barbell Prone Incline Curl With Intensive,Curl inclinado boca abajo con barra (variante intensiva),,yes
exercisedb_v1:i6LWjok,Barbell Pullover,Pullover con barra,,yes
exercisedb_v1:znLogoF,Barbell Pullover To Press,Pullover a press con barra,,yes
exercisedb_v1:za9Ni4z,Barbell Rack Pull,Rack pull con barra,,yes
exercisedb_v1:Ln9iTbU,Barbell Rear Delt Raise,Aperturas posteriores con barra,,yes
free_exercise_db:Barbell_Rear_Delt_Row,Barbell Rear Delt Row,Remo para deltoides posterior con barra,,yes
exercisedb_v1:S9zHIvU,Barbell Rear Delt Row,Remo para deltoides posterior con barra,,yes
exercisedb_v1:VaP75jl,Barbell Rear Lunge,Zancada hacia atrás con barra,,yes
exercisedb_v1:62Nw60O,Barbell Rear Lunge V. 2,Zancada hacia atrás con barra,,yes
exercisedb_v1:qDnGfDb,Barbell Revers Wrist Curl V. 2,Curl de muñeca invertido con barra,,yes
exercisedb_v1:YqJw82s,Barbell Reverse Close-grip Bench Press,Press de banca con barra y agarre cerrado invertido,,yes
exercisedb_v1:xNrS20v,Barbell Reverse Curl,Curl invertido con barra,,yes
exercisedb_v1:SzX3uzM,Barbell Reverse Grip Bent Over Row,Remo inclinado con barra y agarre invertido,,yes
exercisedb_v1:DotAgEF,Barbell Reverse Grip Decline Bench Press,Press de banca declinado con barra y agarre invertido,,yes
exercisedb_v1:DU7I633,Barbell Reverse Grip Incline Bench Press,Press de banca inclinado con barra y agarre invertido,,yes
exercisedb_v1:8d8qJQI,Barbell Reverse Grip Incline Bench Row,Remo en banco inclinado con barra y agarre invertido,,yes
exercisedb_v1:yRLPCLu,Barbell Reverse Grip Skullcrusher,Rompecráneos con barra y agarre invertido,,yes
exercisedb_v1:4LIG9xr,Barbell Reverse Preacher Curl,Curl predicador invertido con barra,,yes
exercisedb_v1:EqHIIjJ,Barbell Reverse Preacher Curl Inclined,Curl predicador invertido inclinado con barra,,yes
exercisedb_v1:LsZkfU6,Barbell Reverse Wrist Curl,Curl de muñeca invertido con barra,,yes
exercisedb_v1:YA2HKGz,Barbell Reverse Wrist Curl - Prone Variation,Curl de muñeca invertido boca abajo con barra,,yes
exercisedb_v1:7M66AVi,Barbell Rollerout,Rueda abdominal con barra,,yes
exercisedb_v1:Gxg9lDc,Barbell Rollerout From Bench,Rueda abdominal con barra desde el banco,,yes
free_exercise_db:Barbell_Rollout_from_Bench,Barbell Rollout from Bench,Rueda abdominal con barra desde el banco,,yes
exercisedb_v1:wQ2c4XD,Barbell Romanian Deadlift,Peso muerto rumano con barra,,yes
exercisedb_v1:ngPpyRS,Barbell Seated Behind Head Military Press,Press militar tras nuca sentado con barra,,yes
exercisedb_v1:0dCyly0,Barbell Seated Bradford Rocky Press,Press Bradford sentado con barra,,yes
free_exercise_db:Barbell_Seated_Calf_Raise,Barbell Seated Calf Raise,Elevación de talones sentado con barra,,yes
exercisedb_v1:ipvgBnC,Barbell Seated Calf Raise,Elevación de talones sentado con barra,,yes
exercisedb_v1:ktsFQAZ,Barbell Seated Calf Raise,Elevación de talones sentado con barra,,yes
exercisedb_v1:4CBIBOM,Barbell Seated Close Grip Behind Neck Triceps Extension,Extensión de tríceps sentado tras nuca con barra y agarre cerrado,,yes
exercisedb_v1:1V1gj1u,Barbell Seated Close-grip Concentration Curl,Curl concentrado sentado con barra y agarre cerrado,,yes
exercisedb_v1:d960PgE,Barbell Seated Good Morning,Buenos días sentado con barra,,yes
exercisedb_v1:kTbSH9h,Barbell Seated Overhead Press,Press por encima de la cabeza sentado con barra,,yes
exercisedb_v1:5uFK1xr,Barbell Seated Overhead Triceps Extension,Extensión de tríceps por encima de la cabeza sentado con barra,,yes
exercisedb_v1:dFSNDOA,Barbell Seated Twist,Giro sentado con barra,,yes
free_exercise_db:Barbell_Shoulder_Press,Barbell Shoulder Press,Press de hombros con barra,,yes
free_exercise_db:Barbell_Shrug,Barbell Shrug,Encogimiento de hombros con barra,,yes
exercisedb_v1:dG7tG5y,Barbell Shrug,Encogimiento de hombros con barra,,yes
free_exercise_db:Barbell_Shrug_Behind_The_Back,Barbell Shrug Behind The Back,Encogimiento de hombros con barra por detrás de la espalda,,yes
free_exercise_db:Barbell_Side_Bend,Barbell Side Bend,Inclinación lateral con barra,,yes
exercisedb_v1:i4JkUaL,Barbell Side Bent V. 2,Inclinación lateral con barra,,yes
free_exercise_db:Barbell_Side_Split_Squat,Barbell Side Split Squat,Sentadilla dividida lateral con barra,,yes
exercisedb_v1:W31mMjd,Barbell Side Split Squat,Sentadilla dividida lateral con barra,,yes
exercisedb_v1:HUEqZ1y,Barbell Side Split Squat V. 2,Sentadilla dividida lateral con barra,,yes
exercisedb_v1:gEyURal,Barbell Single Leg Deadlift,Peso muerto a una pierna con barra,,yes
exercisedb_v1:gGNQmVt,Barbell Single Leg Split Squat,Sentadilla dividida a una pierna con barra,,yes
exercisedb_v1:G7xoEzr,Barbell Sitted Alternate Leg Raise,Elevación alterna de piernas sentado con barra,,yes
exercisedb_v1:BCs0G2F,Barbell Sitted Alternate Leg Raise (female),Elevación alterna de piernas sentado con barra,,yes
exercisedb_v1:ntjtCfu,Barbell Sitted Alternate Leg Raise (female) With Intermediate,Elevación alterna de piernas sentado con barra (variante intermedia),,yes
exercisedb_v1:4Leypho,Barbell Skier,Esquiador con barra,,yes
exercisedb_v1:euI1BwR,Barbell Speed Squat,Sentadilla de velocidad con barra,,yes
exercisedb_v1:HBYyX94,Barbell Split Squat V. 2,Sentadilla dividida con barra,,yes
free_exercise_db:Barbell_Squat,Barbell Squat,Sentadilla con barra,,yes
exercisedb_v1:oR7O9LW,Barbell Squat (on Knees),Sentadilla de rodillas con barra,,yes
exercisedb_v1:echClj7,Barbell Squat (on Knees) With Pure,Sentadilla de rodillas con barra,,yes
exercisedb_v1:RYcV1kH,Barbell Squat Jump Step Rear Lunge,Sentadilla con salto y zancada invertida con barra,,yes
free_exercise_db:Barbell_Squat_To_A_Bench,Barbell Squat To A Bench,Sentadilla al banco con barra,,yes
exercisedb_v1:xnInPfE,Barbell Standing Ab Rollerout,Rollout abdominal de pie con barra,,yes
exercisedb_v1:2qTvJAZ,Barbell Standing Back Wrist Curl,Curl de muñeca tras la espalda de pie con barra,,yes
exercisedb_v1:dCPESfR,Barbell Standing Bradford Press,Press Bradford de pie con barra,,yes
exercisedb_v1:8ozhUIZ,Barbell Standing Calf Raise,Elevación de talones de pie con barra,,yes
exercisedb_v1:4dUn2iv,Barbell Standing Close Grip Curl,Curl de pie con barra y agarre cerrado,,yes
exercisedb_v1:wdRZISl,Barbell Standing Close Grip Military Press,Press militar de pie con barra y agarre cerrado,,yes
exercisedb_v1:vsMcDi9,Barbell Standing Concentration Curl,Curl concentrado de pie con barra,,yes
exercisedb_v1:S8mo30S,Barbell Standing Front Raise Over Head,Elevación frontal por encima de la cabeza de pie con barra,,yes
exercisedb_v1:rGwhJ5o,Barbell Standing Leg Calf Raise,Elevación de talones de pie con barra,,yes
exercisedb_v1:dZl9Q27,Barbell Standing Overhead Triceps Extension,Extensión de tríceps por encima de la cabeza de pie con barra,,yes
exercisedb_v1:LWuA3aZ,Barbell Standing Reverse Grip Curl,Curl de pie con barra y agarre invertido,,yes
exercisedb_v1:AdxxqfF,Barbell Standing Reverse Grip Curl Resistance,Curl de pie con barra y agarre invertido (variante de resistencia),,yes
exercisedb_v1:6HiHHe0,Barbell Standing Rocking Leg Calf Raise,Elevación de talones de pie con balanceo con barra,,yes
exercisedb_v1:yQe5HpE,Barbell Standing Twist,Giro de pie con barra,,yes
exercisedb_v1:faHKVkK,Barbell Standing Wide Grip Biceps Curl,Curl de bíceps de pie con barra y agarre abierto,,yes
exercisedb_v1:Kyd9Rz5,Barbell Standing Wide Military Press,Press militar de pie con barra y agarre abierto,,yes
exercisedb_v1:NdIb5Z1,Barbell Standing Wide-grip Curl,Curl de pie con barra y agarre abierto,,yes
free_exercise_db:Barbell_Step_Ups,Barbell Step Ups,Subida al cajón con barra,,yes
exercisedb_v1:Kxquu2E,Barbell Step-up,Subida al cajón con barra,,yes
exercisedb_v1:JrOHAZc,Barbell Stiff Leg Good Morning,Buenos días con piernas rígidas con barra,,yes
exercisedb_v1:hrVQWvE,Barbell Straight Leg Deadlift,Peso muerto a piernas rectas con barra,,yes
exercisedb_v1:KgI0tqW,Barbell Sumo Deadlift,Peso muerto sumo con barra,,yes
exercisedb_v1:f7Y9eDZ,Barbell Thruster,Thruster con barra,,yes
exercisedb_v1:UDlhcO8,Barbell Upright Row,Remo al mentón con barra,,yes
exercisedb_v1:83HoW9X,Barbell Upright Row V. 2,Remo al mentón con barra,,yes
exercisedb_v1:fI18Rbc,Barbell Upright Row V. 3,Remo al mentón con barra,,yes
free_exercise_db:Barbell_Walking_Lunge,Barbell Walking Lunge,Zancada caminando con barra,,yes
exercisedb_v1:JsKq9so,Barbell Wide Bench Press,Press de banca con barra y agarre abierto,,yes
exercisedb_v1:945zpRg,Barbell Wide Reverse Grip Bench Press,Press de banca con barra y agarre invertido abierto,,yes
exercisedb_v1:3QgteDK,Barbell Wide Reverse Grip Bench Press Horizontal,Press de banca horizontal con barra y agarre invertido abierto,,yes
exercisedb_v1:s7HX1BY,Barbell Wide Squat,Sentadilla con barra en postura amplia,,yes
exercisedb_v1:RgJDRR1,Barbell Wide-grip Upright Row,Remo al mentón con barra y agarre abierto,,yes
exercisedb_v1:82LxxkW,Barbell Wrist Curl,Curl de muñeca con barra,,yes
exercisedb_v1:6kSxYnw,Barbell Wrist Curl V. 2,Curl de muñeca con barra,,yes
exercisedb_v1:LSTChY9,Barbell Zercher Squat,Sentadilla Zercher con barra,,yes
exercisedb_v1:BbfB8Gb,Basic Toe Touch (male),Toque de puntas de los pies básico,,yes
free_exercise_db:Battling_Ropes,Battling Ropes,Cuerdas de batalla,,yes
exercisedb_v1:RJa4tCo,Battling Ropes,Cuerdas de batalla,,yes
exercisedb_v1:0Yz8WdV,Bear Crawl,Caminata de oso,,yes
free_exercise_db:Bear_Crawl_Sled_Drags,Bear Crawl Sled Drags,Arrastre de trineo en caminata de oso,,yes
free_exercise_db:Behind_Head_Chest_Stretch,Behind Head Chest Stretch,Estiramiento de pecho con las manos tras la nuca,,yes
exercisedb_v1:QoHIhPl,Behind Head Chest Stretch,Estiramiento de pecho con las manos tras nuca,,yes
exercisedb_v1:RrLske5,Bench Dip (knees Bent),Fondo en banco con rodillas flexionadas,,yes
exercisedb_v1:9RT8oQW,Bench Dip On Floor,Fondo en banco con pies en el suelo,,yes
free_exercise_db:Bench_Dips,Bench Dips,Fondos en banco,,yes
exercisedb_v1:u27Kcdz,Bench Hip Extension,Extensión de cadera en banco,,yes
free_exercise_db:Bench_Jump,Bench Jump,Salto al banco,,yes
free_exercise_db:Bench_Press_-_Powerlifting,Bench Press - Powerlifting,Press de banca estilo powerlifting,,yes
free_exercise_db:Bench_Press_-_With_Bands,Bench Press - With Bands,Press de banca con banda elástica,,yes
free_exercise_db:Bench_Press_with_Chains,Bench Press with Chains,Press de banca con cadenas,,yes
exercisedb_v1:mExgrF9,Bench Pull-ups,Dominadas con los pies en el banco,,yes
free_exercise_db:Bench_Sprint,Bench Sprint,Sprint en banco,,yes
exercisedb_v1:6sYyrRX,Bent Knee Lying Twist (male),Giro acostado con rodillas flexionadas,,yes
free_exercise_db:Bent_Over_Barbell_Row,Bent Over Barbell Row,Remo con barra inclinado hacia adelante,,yes
free_exercise_db:Bent_Over_Dumbbell_Rear_Delt_Raise_With_Head_On_Bench,Bent Over Dumbbell Rear Delt Raise With Head On Bench,Aperturas posteriores con mancuernas con la cabeza apoyada en el banco,,yes
free_exercise_db:Bent_Over_Low-Pulley_Side_Lateral,Bent Over Low-Pulley Side Lateral,Elevación lateral en polea baja con el torso inclinado,,yes
free_exercise_db:Bent_Over_One-Arm_Long_Bar_Row,Bent Over One-Arm Long Bar Row,Remo con barra larga a una mano inclinado hacia adelante,,yes
free_exercise_db:Bent_Over_Two-Arm_Long_Bar_Row,Bent Over Two-Arm Long Bar Row,Remo con barra larga a dos manos inclinado hacia adelante,,yes
free_exercise_db:Bent_Over_Two-Dumbbell_Row,Bent Over Two-Dumbbell Row,Remo con dos mancuernas inclinado hacia adelante,,yes
free_exercise_db:Bent_Over_Two-Dumbbell_Row_With_Palms_In,Bent Over Two-Dumbbell Row With Palms In,Remo con dos mancuernas inclinado hacia adelante con agarre neutro,,yes
free_exercise_db:Bent_Press,Bent Press,Bent press con pesa rusa,,yes
free_exercise_db:Bent-Arm_Barbell_Pullover,Bent-Arm Barbell Pullover,Pullover con barra y brazos flexionados,,yes
free_exercise_db:Bent-Arm_Dumbbell_Pullover,Bent-Arm Dumbbell Pullover,Pullover con mancuerna y brazos flexionados,,yes
free_exercise_db:Bent-Knee_Hip_Raise,Bent-Knee Hip Raise,Elevación de cadera con rodillas flexionadas,,yes
exercisedb_v1:sJFIDIp,Biceps Leg Concentration Curl,Curl concentrado de bíceps sobre la pierna,,yes
exercisedb_v1:50BETrz,Biceps Narrow Pull-ups,Dominadas supinas con agarre cerrado para bíceps,,yes
exercisedb_v1:guT8YnS,Biceps Pull-up,Dominada para bíceps,,yes
free_exercise_db:Bicycling,Bicycling,Bicicleta estática,,yes
free_exercise_db:Bicycling_Stationary,"Bicycling, Stationary",Bicicleta estática,,yes
exercisedb_v1:vN5HB0s,Blunt Cable Standing Crunch,Crunch de pie en polea,,yes
free_exercise_db:Board_Press,Board Press,Press de banca con tablas,,yes
free_exercise_db:Body_Tricep_Press,Body Tricep Press,Press de tríceps con peso corporal en barra,,yes
free_exercise_db:Body-Up,Body-Up,Elevación desde plancha a apoyo de manos,,yes
exercisedb_v1:U6G2gk9,Body-up,Body-up,,yes
exercisedb_v1:wfotm7S,Bodyweight Drop Jump Squat,Sentadilla con salto de caída con peso corporal,,yes
free_exercise_db:Bodyweight_Flyes,Bodyweight Flyes,Aperturas con peso corporal,,yes
exercisedb_v1:5VXmnV5,Bodyweight Incline Side Plank,Plancha lateral inclinada con peso corporal,,yes
exercisedb_v1:s0HKO2I,Bodyweight Kneeling Triceps Extension,Extensión de tríceps de rodillas con peso corporal,,yes
free_exercise_db:Bodyweight_Mid_Row,Bodyweight Mid Row,Remo medio con peso corporal,,yes
exercisedb_v1:gscGLOU,Bodyweight Side Lying Biceps Curl,Curl de bíceps acostado de lado con peso corporal,,yes
free_exercise_db:Bodyweight_Squat,Bodyweight Squat,Sentadilla con peso corporal,,yes
exercisedb_v1:3xK09Sk,Bodyweight Squatting Row,Remo en sentadilla con peso corporal,,yes
exercisedb_v1:BReCuOn,Bodyweight Squatting Row (with Towel),Remo en sentadilla con toalla,,yes
exercisedb_v1:bJYHBIN,Bodyweight Standing Calf Raise,Elevación de talones de pie con peso corporal,,yes
exercisedb_v1:v2DfH14,Bodyweight Standing Close-grip One Arm Row,Remo de pie a una mano con agarre cerrado y peso corporal,,yes
exercisedb_v1:tig3PXb,Bodyweight Standing Close-grip Row,Remo de pie con agarre cerrado y peso corporal,,yes
exercisedb_v1:xbkPfaw,Bodyweight Standing One Arm Row,Remo de pie a una mano con peso corporal,,yes
exercisedb_v1:O4oIqQD,Bodyweight Standing One Arm Row (with Towel),Remo de pie a una mano con toalla,,yes
exercisedb_v1:wd4ds3s,Bodyweight Standing Row,Remo de pie con peso corporal,,yes
exercisedb_v1:uTv34oq,Bodyweight Standing Row (with Towel),Remo de pie con toalla,,yes
free_exercise_db:Bodyweight_Walking_Lunge,Bodyweight Walking Lunge,Zancada caminando,,yes
free_exercise_db:Bosu_Ball_Cable_Crunch_With_Side_Bends,Bosu Ball Cable Crunch With Side Bends,Crunch en polea sobre bosu con flexiones laterales,,yes
free_exercise_db:Bottoms_Up,Bottoms Up,Elevación de cadera con piernas verticales,,yes
free_exercise_db:Bottoms-Up_Clean_From_The_Hang_Position,Bottoms-Up Clean From The Hang Position,Cargada con pesa rusa invertida desde posición colgante,,yes
exercisedb_v1:CI6baTY,Bottoms-up,Crunch invertido,,yes
free_exercise_db:Box_Jump_Multiple_Response,Box Jump (Multiple Response),Salto al cajón múltiple,,yes
exercisedb_v1:iPm26QU,Box Jump Down With One Leg Stabilization,Salto desde el cajón con estabilización a una pierna,,yes
free_exercise_db:Box_Skip,Box Skip,Salto alterno sobre cajones,,yes
free_exercise_db:Box_Squat,Box Squat,Sentadilla al cajón con barra,,yes
free_exercise_db:Box_Squat_with_Bands,Box Squat with Bands,Sentadilla al cajón con bandas elásticas,,yes
free_exercise_db:Box_Squat_with_Chains,Box Squat with Chains,Sentadilla al cajón con cadenas,,yes
free_exercise_db:Brachialis-SMR,Brachialis-SMR,Automasaje con rodillo del braquial,,yes
free_exercise_db:Bradford_Rocky_Presses,Bradford/Rocky Presses,Press Bradford,,yes
exercisedb_v1:9c6T1YX,Bridge - Mountain Climber (cross Body),Escalador cruzado en plancha,,yes
exercisedb_v1:dK9394r,Burpee,Burpee,,yes
free_exercise_db:Butt_Lift_Bridge,Butt Lift (Bridge),Elevación de glúteos (puente),,yes
free_exercise_db:Butt-Ups,Butt-Ups,Elevación de glúteos en plancha,,yes
exercisedb_v1:qcNN2FN,Butt-ups,Elevación de rodillas al pecho acostado,,yes
free_exercise_db:Butterfly,Butterfly,Aperturas en máquina,,yes
exercisedb_v1:bWlZvXh,Butterfly Yoga Pose,Postura de la mariposa,,yes
exercisedb_v1:KHPZL0b,Cable Alternate Shoulder Press,Press de hombros alterno en polea,,yes
exercisedb_v1:Gchi5Tr,Cable Alternate Triceps Extension,Extensión de tríceps alterna en polea,,yes
exercisedb_v1:zHEpuuc,Cable Assisted Inverse Leg Curl,Curl femoral inverso asistido en polea,,yes
exercisedb_v1:eYnzaCm,Cable Bar Lateral Pulldown,Jalón al pecho en polea con barra,,yes
exercisedb_v1:7xI5MXA,Cable Bench Press,Press de banca en polea,,yes
free_exercise_db:Cable_Chest_Press,Cable Chest Press,Press de pecho en polea,,yes
exercisedb_v1:BCGQ6J5,Cable Close Grip Curl,Curl con agarre cerrado en polea,,yes
exercisedb_v1:NvfE43H,Cable Concentration Curl,Curl concentrado en polea,,yes
exercisedb_v1:8yBgwBS,Cable Concentration Curl Tempo,Curl concentrado en polea a tempo,,yes
exercisedb_v1:Db7eEgw,Cable Concentration Extension (on Knee),Extensión de tríceps concentrada en polea (sobre la rodilla),,yes
exercisedb_v1:OQ1otBN,Cable Cross-over Lateral Pulldown,Jalón al pecho cruzado en polea,,yes
exercisedb_v1:aqvSOQE,Cable Cross-over Revers Fly,Aperturas posteriores en cruce de poleas,,yes
exercisedb_v1:0CXGHya,Cable Cross-over Variation,Cruce de poleas,,yes
free_exercise_db:Cable_Crossover,Cable Crossover,Cruce de poleas,,yes
free_exercise_db:Cable_Crunch,Cable Crunch,Crunch en polea,,yes
exercisedb_v1:G08RZcQ,Cable Curl,Curl en polea,,yes
exercisedb_v1:eGDudUV,Cable Deadlift,Peso muerto en polea,,yes
free_exercise_db:Cable_Deadlifts,Cable Deadlifts,Peso muerto en polea,,yes
exercisedb_v1:7saC5zz,Cable Decline Fly,Aperturas declinadas en polea,,yes
exercisedb_v1:KHGNa16,Cable Decline One Arm Press,Press declinado en polea a una mano,,yes
exercisedb_v1:2Pya1cP,Cable Decline Press,Press declinado en polea,,yes
exercisedb_v1:kesXOpB,Cable Decline Seated Wide-grip Row,Remo sentado declinado con agarre abierto en polea,,yes
exercisedb_v1:dXz8zjF,Cable Drag Curl,Drag curl en polea,,yes
exercisedb_v1:veXwo0D,Cable Floor Seated Wide-grip Row,Remo sentado en el suelo con agarre abierto en polea,,yes
exercisedb_v1:hvHhCv8,Cable Forward Raise,Elevación hacia adelante en polea,,yes
exercisedb_v1:u2X71Np,Cable Front Raise,Elevación frontal en polea,,yes
exercisedb_v1:mTT3KLn,Cable Front Shoulder Raise,Elevación frontal de hombros en polea,,yes
exercisedb_v1:HPlPoQA,Cable Hammer Curl (with Rope),Curl martillo en polea con cuerda,,yes
free_exercise_db:Cable_Hammer_Curls_-_Rope_Attachment,Cable Hammer Curls - Rope Attachment,Curl martillo en polea con cuerda,,yes
exercisedb_v1:1xHyxys,Cable High Pulley Overhead Tricep Extension,Extensión de tríceps por encima de la cabeza en polea alta,,yes
exercisedb_v1:ZSJNetl,Cable High Row (kneeling),Remo alto en polea de rodillas,,yes
free_exercise_db:Cable_Hip_Adduction,Cable Hip Adduction,Aducción de cadera en polea,,yes
exercisedb_v1:hBGWILP,Cable Hip Adduction,Aducción de cadera en polea,,yes
exercisedb_v1:Vh0GsK4,Cable Incline Bench Press,Press de banca inclinado en polea,,yes
exercisedb_v1:yaMIo4D,Cable Incline Bench Row,Remo en banco inclinado en polea,,yes
exercisedb_v1:dAJscVq,Cable Incline Bench Row - Elite Variation,Remo en banco inclinado en polea - variante élite,,yes
exercisedb_v1:tBWXbIT,Cable Incline Fly,Aperturas inclinadas en polea,,yes
exercisedb_v1:27NNGFr,Cable Incline Fly (on Stability Ball),Aperturas inclinadas en polea sobre fitball,,yes
free_exercise_db:Cable_Incline_Pushdown,Cable Incline Pushdown,Pushdown inclinado en polea,,yes
exercisedb_v1:1PK5Uo3,Cable Incline Pushdown,Pushdown inclinado en polea,,yes
free_exercise_db:Cable_Incline_Triceps_Extension,Cable Incline Triceps Extension,Extensión de tríceps inclinada en polea,,yes
exercisedb_v1:Hx1WC8I,Cable Incline Triceps Extension,Extensión de tríceps inclinada en polea,,yes
free_exercise_db:Cable_Internal_Rotation,Cable Internal Rotation,Rotación interna en polea,,yes
free_exercise_db:Cable_Iron_Cross,Cable Iron Cross,Cruz de hierro en poleas,,yes
free_exercise_db:Cable_Judo_Flip,Cable Judo Flip,Judo flip en polea,,yes
exercisedb_v1:MvQPqVW,Cable Judo Flip,Judo flip en polea,,yes
exercisedb_v1:IxsFgRT,Cable Judo Flip With Static,Judo flip estático en polea,,yes
exercisedb_v1:HEJ6DIX,Cable Kickback,Patada de tríceps en polea,,yes
exercisedb_v1:WW95auq,Cable Kneeling Crunch,Crunch de rodillas en polea,,yes
exercisedb_v1:CUmLRTA,Cable Kneeling Crunch - Gentle Variation,Crunch de rodillas en polea - variante suave,,yes
exercisedb_v1:G61cXLk,Cable Kneeling Rear Delt Row (with Rope) (male),Remo para deltoides posterior de rodillas en polea con cuerda,,yes
exercisedb_v1:eZ79rbI,Cable Kneeling Rear Delt Row (with Rope) (male) Expanded,Remo para deltoides posterior de rodillas en polea con cuerda (variante ampliada),,yes
exercisedb_v1:KWdF2JI,Cable Kneeling Triceps Extension,Extensión de tríceps de rodillas en polea,,yes
exercisedb_v1:LEprlgG,Cable Lat Pulldown Full Range Of Motion,Jalón al pecho en polea con recorrido completo,,yes
exercisedb_v1:CuaWCmC,Cable Lateral Pulldown (with Rope Attachment),Jalón al pecho en polea con cuerda,,yes
exercisedb_v1:nFHk9fU,Cable Lateral Pulldown (with Rope Attachment) Core,Jalón al pecho en polea con cuerda y control del core,,yes
exercisedb_v1:4c9BhzB,Cable Lateral Pulldown With V-bar,Jalón al pecho en polea con barra en V,,yes
exercisedb_v1:goJ6ezq,Cable Lateral Raise,Elevación lateral en polea,,yes
exercisedb_v1:FVmZVhk,Cable Low Fly,Aperturas en polea baja,,yes
exercisedb_v1:hvV79Si,Cable Low Seated Row,Remo sentado en polea baja,,yes
exercisedb_v1:WM6TvvW,Cable Low Seated Row Controlled,Remo sentado en polea baja controlado,,yes
exercisedb_v1:otqIxU4,Cable Lying Bicep Curl,Curl de bíceps acostado en polea,,yes
exercisedb_v1:61GrD55,Cable Lying Close-grip Curl,Curl acostado con agarre cerrado en polea,,yes
exercisedb_v1:Q2Eu1Ax,Cable Lying Extension Pullover (with Rope Attachment),Pullover con extensión acostado en polea con cuerda,,yes
exercisedb_v1:lJJ7Yq8,Cable Lying Fly,Aperturas acostado en polea,,yes
free_exercise_db:Cable_Lying_Triceps_Extension,Cable Lying Triceps Extension,Extensión de tríceps acostado en polea,,yes
exercisedb_v1:uxJcFUU,Cable Lying Triceps Extension V. 2,Extensión de tríceps acostado en polea,,yes
exercisedb_v1:xLYSdtg,Cable Middle Fly,Aperturas en polea a media altura,,yes
exercisedb_v1:EIsE3u8,Cable One Arm Bent Over Row,Remo inclinado hacia adelante en polea a una mano,,yes
exercisedb_v1:YTur5nR,Cable One Arm Curl,Curl en polea a una mano,,yes
exercisedb_v1:w4dLzSx,Cable One Arm Decline Chest Fly,Aperturas de pecho declinadas en polea a una mano,,yes
exercisedb_v1:hHy8tQG,Cable One Arm Fly On Exercise Ball,Aperturas en polea a una mano sobre fitball,,yes
exercisedb_v1:P14Dz9D,Cable One Arm Incline Fly On Exercise Ball,Aperturas inclinadas en polea a una mano sobre fitball,,yes
exercisedb_v1:GKEH6jj,Cable One Arm Incline Press,Press inclinado en polea a una mano,,yes
exercisedb_v1:6t00BsF,Cable One Arm Incline Press On Exercise Ball,Press inclinado en polea a una mano sobre fitball,,yes
exercisedb_v1:QoSZo2Y,Cable One Arm Incline Press With Rigid,Press inclinado en polea a una mano,,yes
exercisedb_v1:dB07vDu,Cable One Arm Lateral Bent-over,Elevación lateral en polea a una mano con el torso inclinado,,yes
exercisedb_v1:wEulIzp,Cable One Arm Lateral Raise,Elevación lateral en polea a una mano,,yes
exercisedb_v1:eHBlPsa,Cable One Arm Preacher Curl,Curl predicador en polea a una mano,,yes
exercisedb_v1:MKIelrR,Cable One Arm Press On Exercise Ball,Press en polea a una mano sobre fitball,,yes
exercisedb_v1:U5INZY6,Cable One Arm Pulldown,Jalón en polea a una mano,,yes
exercisedb_v1:ZXnjcOQ,Cable One Arm Reverse Preacher Curl,Curl predicador invertido en polea a una mano,,yes
exercisedb_v1:WrYPP2g,Cable One Arm Straight Back High Row (kneeling),Remo alto en polea a una mano con espalda recta de rodillas,,yes
free_exercise_db:Cable_One_Arm_Tricep_Extension,Cable One Arm Tricep Extension,Extensión de tríceps a una mano en polea,,yes
exercisedb_v1:qRZ5S1N,Cable One Arm Tricep Pushdown,Pushdown de tríceps a una mano en polea,,yes
exercisedb_v1:wDUqY2u,Cable Overhead Curl,Curl por encima de la cabeza en polea,,yes
exercisedb_v1:ioTf098,Cable Overhead Curl On Exercise Ball,Curl por encima de la cabeza en polea sobre fitball,,yes
exercisedb_v1:2IxROQ1,Cable Overhead Triceps Extension (rope Attachment),Extensión de tríceps por encima de la cabeza en polea con cuerda,,yes
exercisedb_v1:OmQ8w0p,Cable Palm Rotational Row,Remo en polea con rotación de palmas,,yes
free_exercise_db:Cable_Preacher_Curl,Cable Preacher Curl,Curl predicador en polea,,yes
exercisedb_v1:P2lNrGL,Cable Preacher Curl,Curl predicador en polea,,yes
exercisedb_v1:vAwm6rK,Cable Press On Exercise Ball,Press en polea sobre fitball,,yes
exercisedb_v1:OM46QHm,Cable Pull Through (with Rope),Pull through en polea con cuerda,,yes
exercisedb_v1:RVwzP10,Cable Pulldown,Jalón en polea,,yes
exercisedb_v1:qdRxqCj,Cable Pulldown (pro Lat Bar),Jalón en polea con barra para dorsales,,yes
exercisedb_v1:QTXKWPh,Cable Pulldown Bicep Curl,Curl de bíceps en polea alta,,yes
exercisedb_v1:3ZflifB,Cable Pushdown,Extensión de tríceps en polea,,yes
exercisedb_v1:PskORrA,Cable Pushdown (straight Arm) V. 2,Pushdown con brazos rectos en polea,,yes
exercisedb_v1:dU605di,Cable Pushdown (with Rope Attachment),Extensión de tríceps en polea con cuerda,,yes
free_exercise_db:Cable_Rear_Delt_Fly,Cable Rear Delt Fly,Aperturas posteriores en polea,,yes
exercisedb_v1:yUdIGNs,Cable Rear Delt Row (stirrups),Remo para deltoides posterior en polea con estribo,,yes
exercisedb_v1:wqNPGCg,Cable Rear Delt Row (with Rope),Remo para deltoides posterior en polea con cuerda,,yes
exercisedb_v1:c3QQLPi,Cable Rear Drive,Extensión de tríceps hacia atrás en polea,,yes
exercisedb_v1:SpsOSXk,Cable Rear Pulldown,Jalón tras nuca en polea,,yes
free_exercise_db:Cable_Reverse_Crunch,Cable Reverse Crunch,Crunch invertido en polea,,yes
exercisedb_v1:RqOtqD7,Cable Reverse Crunch,Crunch invertido en polea,,yes
exercisedb_v1:eOG0r6v,Cable Reverse Curl,Curl invertido en polea,,yes
exercisedb_v1:ThKP69G,Cable Reverse Grip Triceps Pushdown (sz-bar) (with Arm Blaster),Extensión de tríceps en polea con agarre invertido con barra Z y arm blaster,,yes
exercisedb_v1:gVlnLIJ,Cable Reverse One Arm Curl,Curl invertido a una mano en polea,,yes
exercisedb_v1:IwX5NqK,Cable Reverse Preacher Curl,Curl predicador invertido en polea,,yes
exercisedb_v1:eYmsEPR,Cable Reverse Wrist Curl,Curl de muñeca invertido en polea,,yes
exercisedb_v1:VjYliFZ,Cable Reverse-grip Pushdown,Extensión de tríceps en polea con agarre invertido,,yes
exercisedb_v1:PNtsX17,Cable Reverse-grip Straight Back Seated High Row,Remo alto sentado en polea con agarre invertido y espalda recta,,yes
exercisedb_v1:UFGF6gk,Cable Rope Crossover Seated Row,Remo sentado en polea con cuerdas cruzadas,,yes
exercisedb_v1:c8oybX6,Cable Rope Elevated Seated Row,Remo sentado elevado en polea con cuerda,,yes
exercisedb_v1:MgKwAAo,Cable Rope Extension Incline Bench Row,Remo en banco inclinado en polea con cuerda y extensión,,yes
exercisedb_v1:PcPe0P5,Cable Rope Hammer Preacher Curl,Curl predicador martillo con cuerda en polea,,yes
exercisedb_v1:NN8nSNT,Cable Rope High Pulley Overhead Tricep Extension,Extensión de tríceps por encima de la cabeza en polea alta con cuerda,,yes
exercisedb_v1:ZujAdR9,Cable Rope Incline Tricep Extension,Extensión de tríceps inclinado en polea con cuerda,,yes
exercisedb_v1:vNPJbDA,Cable Rope Incline Tricep Extension - Reverse Variation,Extensión de tríceps inclinado invertido en polea con cuerda,,yes
exercisedb_v1:U3ffHlY,Cable Rope Lying On Floor Tricep Extension,Extensión de tríceps acostado en el suelo en polea con cuerda,,yes
exercisedb_v1:4hATdoB,Cable Rope One Arm Hammer Preacher Curl,Curl predicador martillo a una mano con cuerda en polea,,yes
free_exercise_db:Cable_Rope_Overhead_Triceps_Extension,Cable Rope Overhead Triceps Extension,Extensión de tríceps por encima de la cabeza en polea con cuerda,,yes
free_exercise_db:Cable_Rope_Rear-Delt_Rows,Cable Rope Rear-Delt Rows,Remo para deltoides posterior en polea con cuerda,,yes
exercisedb_v1:SJqRxOt,Cable Rope Seated Row,Remo sentado en polea con cuerda,,yes
free_exercise_db:Cable_Russian_Twists,Cable Russian Twists,Giro ruso en polea,,yes
exercisedb_v1:d9Xaxq6,Cable Russian Twists (on Stability Ball),Giro ruso en polea sobre fitball,,yes
exercisedb_v1:nIR4Rwl,Cable Seated Chest Press,Press de pecho sentado en polea,,yes
free_exercise_db:Cable_Seated_Crunch,Cable Seated Crunch,Crunch sentado en polea,,yes
exercisedb_v1:8xUv4J7,Cable Seated Crunch,Crunch sentado en polea,,yes
exercisedb_v1:8oYqOt9,Cable Seated Curl,Curl sentado en polea,,yes
exercisedb_v1:pwt0pnM,Cable Seated High Row (v-bar),Remo alto sentado en polea con barra en V,,yes
free_exercise_db:Cable_Seated_Lateral_Raise,Cable Seated Lateral Raise,Elevación lateral sentado en polea,,yes
exercisedb_v1:vpp9Ku2,Cable Seated One Arm Alternate Row,Remo sentado alterno en polea a una mano,,yes
exercisedb_v1:rZ80Gbp,Cable Seated One Arm Concentration Curl,Curl concentrado sentado a una mano en polea,,yes
exercisedb_v1:DpWMFP5,Cable Seated Overhead Curl,Curl sentado por encima de la cabeza en polea,,yes
exercisedb_v1:x825CZm,Cable Seated Rear Lateral Raise,Elevación lateral posterior sentado en polea,,yes
exercisedb_v1:fUBheHs,Cable Seated Row,Remo sentado en polea,,yes
exercisedb_v1:A3P4O0R,Cable Seated Row With Reverse,Remo sentado en polea con movimiento invertido,,yes
exercisedb_v1:YPoVrBi,Cable Seated Shoulder Internal Rotation,Rotación interna de hombro sentado en polea,,yes
exercisedb_v1:UEjSrKI,Cable Seated Twist,Giro sentado en polea,,yes
exercisedb_v1:qcY50ZD,Cable Seated Wide-grip Row,Remo sentado en polea con agarre abierto,,yes
free_exercise_db:Cable_Shoulder_Press,Cable Shoulder Press,Press de hombros en polea,,yes
exercisedb_v1:PzQanLE,Cable Shoulder Press,Press de hombros en polea,,yes
exercisedb_v1:Eg98Ft9,Cable Shrug,Encogimiento de hombros en polea,,yes
free_exercise_db:Cable_Shrugs,Cable Shrugs,Encogimiento de hombros en polea,,yes
exercisedb_v1:wPypxFY,Cable Side Bend,Inclinación lateral en polea,,yes
exercisedb_v1:qatbkEd,Cable Side Bend Crunch (bosu Ball),Crunch con inclinación lateral en polea sobre bosu,,yes
exercisedb_v1:UOphC6N,Cable Side Bend Smooth,Inclinación lateral en polea suave,,yes
exercisedb_v1:q2ADGqV,Cable Side Crunch,Crunch lateral en polea,,yes
exercisedb_v1:f7fnAIB,Cable Squat Row (with Rope Attachment),Remo en sentadilla en polea con cuerda,,yes
exercisedb_v1:Y8dOJlH,Cable Squat Row (with Rope Attachment) Heavy,Remo en sentadilla en polea con cuerda pesado,,yes
exercisedb_v1:3XFdb1Z,Cable Squatting Curl,Curl en sentadilla en polea,,yes
exercisedb_v1:VhX2JdE,Cable Standing Back Wrist Curl,Curl de muñeca invertido de pie en polea,,yes
exercisedb_v1:yl2IYyy,Cable Standing Calf Raise,Elevación de talones de pie en polea,,yes
exercisedb_v1:P5p0j8B,Cable Standing Cross-over High Reverse Fly,Aperturas posteriores de pie en cruce de poleas altas,,yes
exercisedb_v1:jpgqxiS,Cable Standing Crunch,Crunch de pie en polea,,yes
exercisedb_v1:XU3ePuv,Cable Standing Crunch (with Rope Attachment),Crunch de pie en polea con cuerda,,yes
exercisedb_v1:Pr9Rhf4,Cable Standing Fly,Aperturas de pie en polea,,yes
exercisedb_v1:Kpajagk,Cable Standing Hip Extension,Extensión de cadera de pie en polea,,yes
exercisedb_v1:YwnI4ja,Cable Standing Inner Curl,Curl interno de pie en polea,,yes
exercisedb_v1:qFpAkpP,Cable Standing Lift,Elevación diagonal de pie en polea,,yes
exercisedb_v1:sYCcnon,Cable Standing One Arm Triceps Extension,Extensión de tríceps de pie a una mano en polea,,yes
exercisedb_v1:fgc9Xdl,Cable Standing One Leg Calf Raise,Elevación de talones de pie a una pierna en polea,,yes
exercisedb_v1:CvPn9WV,Cable Standing Pulldown (with Rope),Jalón de pie en polea con cuerda,,yes
exercisedb_v1:ZfyAGhK,Cable Standing Rear Delt Row (with Rope),Remo para deltoides posterior de pie en polea con cuerda,,yes
exercisedb_v1:i11JWU7,Cable Standing Reverse Grip One Arm Overhead Tricep Extension,Extensión de tríceps por encima de la cabeza de pie a una mano con agarre invertido en polea,,yes
exercisedb_v1:4f8RXP8,Cable Standing Row (v-bar),Remo de pie en polea con barra en V,,yes
exercisedb_v1:FWdVhcW,Cable Standing Shoulder External Rotation,Rotación externa de hombro de pie en polea,,yes
exercisedb_v1:JOZhu2h,Cable Standing Twist Row (v-bar),Remo de pie con giro en polea con barra en V,,yes
exercisedb_v1:UKWTJWR,Cable Standing Up Straight Crossovers,Cruce de poleas de pie con brazos extendidos,,yes
exercisedb_v1:x69MAlq,Cable Straight Arm Pulldown,Jalón con brazos extendidos en polea,,yes
exercisedb_v1:DT14T9T,Cable Straight Arm Pulldown (with Rope),Jalón con brazos extendidos en polea con cuerda,,yes
exercisedb_v1:Tq6gbK6,Cable Straight Back Seated Row,Remo sentado en polea con espalda recta,,yes
exercisedb_v1:PQcUlDi,Cable Supine Reverse Fly,Aperturas posteriores en polea boca arriba,,yes
exercisedb_v1:ZgwWBoC,Cable Thibaudeau Kayak Row,Remo kayak Thibaudeau en polea,,yes
exercisedb_v1:gAwDzB3,Cable Triceps Pushdown (v-bar),Extensión de tríceps en polea con barra en V,,yes
exercisedb_v1:OxJk1fg,Cable Triceps Pushdown (v-bar) (with Arm Blaster),Extensión de tríceps en polea con barra en V y arm blaster,,yes
exercisedb_v1:TXtXc84,Cable Tuck Reverse Crunch,Crunch invertido agrupado en polea,,yes
exercisedb_v1:aVs3BR3,Cable Twist,Giro en polea,,yes
exercisedb_v1:fhZQPlV,Cable Twist (up-down),Giro en polea (arriba-abajo),,yes
exercisedb_v1:zCgxPbV,Cable Twisting Pull,Jalón con giro en polea,,yes
exercisedb_v1:3nvEbbF,Cable Twisting Pull With Intensified,Jalón con giro en polea intensificado,,yes
exercisedb_v1:H9y3Dkr,Cable Two Arm Curl On Incline Bench,Curl a dos manos en banco inclinado en polea,,yes
exercisedb_v1:vvNjDJS,Cable Two Arm Tricep Kickback,Patada de tríceps a dos manos en polea,,yes
exercisedb_v1:xBYcQHj,Cable Underhand Pulldown,Jalón con agarre supino en polea,,yes
exercisedb_v1:j7XMAyn,Cable Upper Chest Crossovers,Cruce de poleas para pecho superior,,yes
exercisedb_v1:PQStVXH,Cable Upper Row,Remo alto en polea,,yes
exercisedb_v1:cALKspW,Cable Upright Row,Remo al mentón en polea,,yes
exercisedb_v1:CmEr4pM,Cable Wide Grip Rear Pulldown Behind Neck,Jalón tras nuca con agarre abierto en polea,,yes
free_exercise_db:Cable_Wrist_Curl,Cable Wrist Curl,Curl de muñeca en polea,,yes
exercisedb_v1:LrV4s90,Cable Wrist Curl,Curl de muñeca en polea,,yes
free_exercise_db:Calf_Press,Calf Press,Press de pantorrillas en máquina,,yes
free_exercise_db:Calf_Press_On_The_Leg_Press_Machine,Calf Press On The Leg Press Machine,Press de pantorrillas en prensa de piernas,,yes
exercisedb_v1:PzNxakt,Calf Push Stretch With Hands Against Wall,Estiramiento de pantorrilla empujando con las manos en la pared,,yes
exercisedb_v1:vobtVkm,Calf Push Stretch With Hands Against Wall Elite,Estiramiento de pantorrilla empujando con las manos en la pared elite,,yes
free_exercise_db:Calf_Raise_On_A_Dumbbell,Calf Raise On A Dumbbell,Elevación de talones sobre una mancuerna,,yes
free_exercise_db:Calf_Raises_-_With_Bands,Calf Raises - With Bands,Elevación de talones con banda elástica,,yes
free_exercise_db:Calf_Stretch_Elbows_Against_Wall,Calf Stretch Elbows Against Wall,Estiramiento de pantorrillas con los codos en la pared,,yes
free_exercise_db:Calf_Stretch_Hands_Against_Wall,Calf Stretch Hands Against Wall,Estiramiento de pantorrillas con las manos en la pared,,yes
exercisedb_v1:m0tCHqc,Calf Stretch With Hands Against Wall,Estiramiento de pantorrilla con las manos en la pared,,yes
exercisedb_v1:1LVFcEn,Calf Stretch With Rope,Estiramiento de pantorrilla con cuerda,,yes
free_exercise_db:Calf-Machine_Shoulder_Shrug,Calf-Machine Shoulder Shrug,Encogimiento de hombros en máquina de pantorrillas,,yes
free_exercise_db:Calves-SMR,Calves-SMR,Automasaje con rodillo de pantorrillas,,yes
exercisedb_v1:R5swFnc,Cambered Bar Lying Row,Remo acostado con barra curva,,yes
exercisedb_v1:weoDEpH,Captains Chair Straight Leg Raise,Elevación de piernas rectas en silla romana,,yes
free_exercise_db:Car_Deadlift,Car Deadlift,Peso muerto con automóvil,,yes
free_exercise_db:Car_Drivers,Car Drivers,Giros de volante con disco,,yes
free_exercise_db:Carioca_Quick_Step,Carioca Quick Step,Carioca con paso rápido,,yes
free_exercise_db:Cat_Stretch,Cat Stretch,Estiramiento del gato,,yes
free_exercise_db:Catch_and_Overhead_Throw,Catch and Overhead Throw,Recepción y lanzamiento por encima de la cabeza con balón medicinal,,yes
free_exercise_db:Chain_Handle_Extension,Chain Handle Extension,Extensión de tríceps acostado con cadenas,,yes
free_exercise_db:Chain_Press,Chain Press,Press con cadenas,,yes
free_exercise_db:Chair_Leg_Extended_Stretch,Chair Leg Extended Stretch,Estiramiento de pierna extendida en silla,,yes
exercisedb_v1:xGgAGPm,Chair Leg Extended Stretch,Estiramiento de pierna extendida en silla,,yes
exercisedb_v1:fF6GKVh,Chair Leg Extended Stretch With Modified,Estiramiento de pierna extendida en silla modificado,,yes
free_exercise_db:Chair_Lower_Back_Stretch,Chair Lower Back Stretch,Estiramiento de zona lumbar en silla,,yes
free_exercise_db:Chair_Squat,Chair Squat,Sentadilla en silla con barra,,yes
free_exercise_db:Chair_Upper_Body_Stretch,Chair Upper Body Stretch,Estiramiento de tren superior en silla,,yes
free_exercise_db:Chest_And_Front_Of_Shoulder_Stretch,Chest And Front Of Shoulder Stretch,Estiramiento de pecho y parte frontal del hombro,,yes
exercisedb_v1:Uto7l43,Chest And Front Of Shoulder Stretch,Estiramiento de pecho y parte frontal del hombro,,yes
exercisedb_v1:iDGtjyi,Chest And Front Of Shoulder Stretch Micro,Estiramiento micro de pecho y parte frontal del hombro,,yes
exercisedb_v1:9WTm7dq,Chest Dip,Fondo en paralelas para pecho,,yes
exercisedb_v1:XgWyAiA,Chest Dip (on Dip-pull-up Cage),Fondo para pecho en jaula de fondos y dominadas,,yes
exercisedb_v1:LQFOrMn,Chest Dip On Straight Bar,Fondo para pecho en barra recta,,yes
free_exercise_db:Chest_Push_multiple_response,Chest Push (multiple response),Empuje de pecho con balón medicinal (respuesta múltiple),,yes
free_exercise_db:Chest_Push_single_response,Chest Push (single response),Empuje de pecho con balón medicinal (respuesta única),,yes
free_exercise_db:Chest_Push_from_3_point_stance,Chest Push from 3 point stance,Empuje de pecho con balón medicinal desde postura de tres apoyos,,yes
free_exercise_db:Chest_Push_with_Run_Release,Chest Push with Run Release,Empuje de pecho con balón medicinal y salida en carrera,,yes
exercisedb_v1:ykA5tU7,Chest Stretch With Exercise Ball,Estiramiento de pecho con fitball,,yes
exercisedb_v1:W1p7BND,Chest Stretch With Exercise Ball Partial,Estiramiento de pecho parcial con fitball,,yes
free_exercise_db:Chest_Stretch_on_Stability_Ball,Chest Stretch on Stability Ball,Estiramiento de pecho en fitball,,yes
exercisedb_v1:7E06s6d,Chest Tap Push-up (male),Flexión con toque al pecho,,yes
free_exercise_db:Childs_Pose,Child's Pose,Postura del niño,,yes
free_exercise_db:Chin_To_Chest_Stretch,Chin To Chest Stretch,Estiramiento de mentón al pecho,,yes
free_exercise_db:Chin-Up,Chin-Up,Dominada supina,,yes
exercisedb_v1:T2mxWqc,Chin-up,Dominada supina,,yes
exercisedb_v1:dVeWXf2,Chin-up Diagonal,Dominada supina en diagonal,,yes
exercisedb_v1:G70mEAJ,Chin-ups (narrow Parallel Grip),Dominadas con agarre paralelo cerrado,,yes
exercisedb_v1:X7jbxra,Circles Knee Stretch,Círculos de rodilla,,yes
free_exercise_db:Circus_Bell,Circus Bell,Circus bell,,yes
exercisedb_v1:wigSg76,Clap Push Up,Flexión con palmada,,yes
free_exercise_db:Clean,Clean,Cargada,,yes
free_exercise_db:Clean_Deadlift,Clean Deadlift,Peso muerto de cargada con barra,,yes
free_exercise_db:Clean_Pull,Clean Pull,Tirón de cargada con barra,,yes
free_exercise_db:Clean_Shrug,Clean Shrug,Encogimiento de hombros de cargada con barra,,yes
free_exercise_db:Clean_and_Jerk,Clean and Jerk,Dos tiempos con barra,,yes
free_exercise_db:Clean_and_Press,Clean and Press,Cargada y press con barra,,yes
free_exercise_db:Clean_from_Blocks,Clean from Blocks,Cargada desde bloques,,yes
free_exercise_db:Clock_Push-Up,Clock Push-Up,Flexión del reloj,,yes
exercisedb_v1:CMAxnsG,Clock Push-up,Flexión del reloj,,yes
exercisedb_v1:xOXZJRZ,Clock Push-up Extreme,Flexión del reloj extrema,,yes
exercisedb_v1:VnfUNW7,Close Grip Chin-up,Dominada supina con agarre cerrado,,yes
free_exercise_db:Close-Grip_Barbell_Bench_Press,Close-Grip Barbell Bench Press,Press de banca con agarre cerrado con barra,,yes
free_exercise_db:Close-Grip_Dumbbell_Press,Close-Grip Dumbbell Press,Press con mancuerna con agarre cerrado,,yes
free_exercise_db:Close-Grip_EZ_Bar_Curl,Close-Grip EZ Bar Curl,Curl con barra Z y agarre cerrado,,yes
free_exercise_db:Close-Grip_EZ-Bar_Curl_with_Band,Close-Grip EZ-Bar Curl with Band,Curl con barra Z con agarre cerrado y banda elástica,,yes
free_exercise_db:Close-Grip_EZ-Bar_Press,Close-Grip EZ-Bar Press,Press con barra Z con agarre cerrado,,yes
free_exercise_db:Close-Grip_Front_Lat_Pulldown,Close-Grip Front Lat Pulldown,Jalón al pecho con agarre cerrado,,yes
free_exercise_db:Close-Grip_Push-Up_off_of_a_Dumbbell,Close-Grip Push-Up off of a Dumbbell,Flexión con agarre cerrado sobre mancuerna,,yes
free_exercise_db:Close-Grip_Standing_Barbell_Curl,Close-Grip Standing Barbell Curl,Curl de pie con barra y agarre cerrado,,yes
exercisedb_v1:x6KpKpq,Close-grip Push-up,Flexión con agarre cerrado,,yes
exercisedb_v1:v3vLFW0,Close-grip Push-up (on Knees),Flexión con agarre cerrado de rodillas,,yes
free_exercise_db:Cocoons,Cocoons,Crunch cocoon,,yes
exercisedb_v1:SLKj2pX,Cocoons,Abdominal cocoon,,yes
exercisedb_v1:7i4msxz,Cocoons With Mega,Abdominal cocoon mega,,yes
exercisedb_v1:I6Ca0a7,Complete Style Ez Bar Lying Close Grip Triceps Extension Behind Head,Extensión de tríceps tras nuca acostado con barra Z y agarre cerrado (estilo completo),,yes
free_exercise_db:Conans_Wheel,Conan's Wheel,Rueda de Conan,,yes
free_exercise_db:Concentration_Curls,Concentration Curls,Curl concentrado con mancuerna,,yes
exercisedb_v1:j6uIfep,Contracted Kettlebell Extended Range One Arm Press On Floor,Press en el suelo a una mano con pesa rusa en rango extendido (contraído),,yes
exercisedb_v1:PDHE73u,Controlled Band Straight Back Stiff Leg Deadlift,Peso muerto controlado con piernas rígidas y espalda recta con banda elástica,,yes
exercisedb_v1:MqNdIbe,Controlled Wrist Rollerer,Enrollador de muñeca controlado,,yes
exercisedb_v1:1oE78pm,Core Barbell Upright Row V. 2,Remo al mentón con barra con activación del core,,yes
exercisedb_v1:xgsGFVM,Crab Twist Toe Touch,Toque de punta del pie con giro en posición de cangrejo,,yes
exercisedb_v1:rbu5UUb,Cross Body Crunch,Crunch cruzado,,yes
free_exercise_db:Cross_Body_Hammer_Curl,Cross Body Hammer Curl,Curl martillo cruzado con mancuernas,,yes
free_exercise_db:Cross_Over_-_With_Bands,Cross Over - With Bands,Cruce de brazos con banda elástica,,yes
free_exercise_db:Cross-Body_Crunch,Cross-Body Crunch,Crunch cruzado,,yes
free_exercise_db:Crossover_Reverse_Lunge,Crossover Reverse Lunge,Zancada invertida con cruce,,yes
free_exercise_db:Crucifix,Crucifix,Crucifijo,,yes
exercisedb_v1:kjJ3VoQ,Crunch (hands Overhead),Crunch con brazos por encima de la cabeza,,yes
exercisedb_v1:MCUhf1F,Crunch (on Stability Ball),Crunch en fitball,,yes
exercisedb_v1:Sn8wxAI,"Crunch (on Stability Ball, Arms Straight)",Crunch en fitball con brazos extendidos,,yes
free_exercise_db:Crunch_-_Hands_Overhead,Crunch - Hands Overhead,Crunch con las manos por encima de la cabeza,,yes
free_exercise_db:Crunch_-_Legs_On_Exercise_Ball,Crunch - Legs On Exercise Ball,Crunch con piernas sobre fitball,,yes
exercisedb_v1:TFqbd8t,Crunch Floor,Crunch en el suelo,,yes
free_exercise_db:Crunches,Crunches,Crunch abdominal,,yes
free_exercise_db:Cuban_Press,Cuban Press,Press cubano con mancuernas,,yes
exercisedb_v1:g2oKspu,Curl-up,Encogimiento abdominal,,yes
exercisedb_v1:gUjqdei,Curtsey Squat,Sentadilla curtsy,,yes
exercisedb_v1:XSCHmiI,Cycle Cross Trainer,Bicicleta elíptica,,yes
free_exercise_db:Dancers_Stretch,Dancer's Stretch,Estiramiento del bailarín,,yes
free_exercise_db:Dead_Bug,Dead Bug,Dead bug,,yes
exercisedb_v1:iny3m5y,Dead Bug,Dead bug,,yes
free_exercise_db:Deadlift_with_Bands,Deadlift with Bands,Peso muerto con bandas elásticas,,yes
free_exercise_db:Deadlift_with_Chains,Deadlift with Chains,Peso muerto con cadenas,,yes
free_exercise_db:Decline_Barbell_Bench_Press,Decline Barbell Bench Press,Press de banca declinado con barra,,yes
free_exercise_db:Decline_Close-Grip_Bench_To_Skull_Crusher,Decline Close-Grip Bench To Skull Crusher,Press de banca declinado con agarre cerrado a rompecráneos,,yes
free_exercise_db:Decline_Crunch,Decline Crunch,Crunch declinado,,yes
exercisedb_v1:9Ap7miY,Decline Crunch,Crunch declinado,,yes
free_exercise_db:Decline_Dumbbell_Bench_Press,Decline Dumbbell Bench Press,Press de banca declinado con mancuernas,,yes
free_exercise_db:Decline_Dumbbell_Flyes,Decline Dumbbell Flyes,Aperturas declinadas con mancuernas,,yes
free_exercise_db:Decline_Dumbbell_Triceps_Extension,Decline Dumbbell Triceps Extension,Extensión de tríceps declinada con mancuernas,,yes
free_exercise_db:Decline_EZ_Bar_Triceps_Extension,Decline EZ Bar Triceps Extension,Extensión de tríceps declinada con barra Z,,yes
free_exercise_db:Decline_Oblique_Crunch,Decline Oblique Crunch,Crunch oblicuo declinado,,yes
free_exercise_db:Decline_Push-Up,Decline Push-Up,Flexión declinada,,yes
exercisedb_v1:i5cEhka,Decline Push-up,Flexión declinada,,yes
free_exercise_db:Decline_Reverse_Crunch,Decline Reverse Crunch,Crunch invertido declinado,,yes
exercisedb_v1:QLL2gdc,Decline Sit-up,Abdominal declinado,,yes
free_exercise_db:Decline_Smith_Press,Decline Smith Press,Press declinado en máquina Smith,,yes
exercisedb_v1:vptOQ4N,Deep Push Up,Flexión profunda con mancuernas,,yes
exercisedb_v1:Gu2ENkm,Deep Smith Machine Reverse Decline Close Grip Bench Press,Press de banca declinado profundo con agarre cerrado invertido en máquina Smith,,yes
free_exercise_db:Deficit_Deadlift,Deficit Deadlift,Peso muerto con déficit,,yes
free_exercise_db:Depth_Jump_Leap,Depth Jump Leap,Salto en profundidad con salto al cajón,,yes
exercisedb_v1:soIB2rj,Diamond Push-up,Flexión diamante,,yes
free_exercise_db:Dip_Machine,Dip Machine,Fondos en máquina,,yes
free_exercise_db:Dips_-_Chest_Version,Dips - Chest Version,Fondos en paralelas para pecho,,yes
free_exercise_db:Dips_-_Triceps_Version,Dips - Triceps Version,Fondos en paralelas para tríceps,,yes
exercisedb_v1:u5ESqzH,Donkey Calf Raise,Elevación de talones tipo burro,,yes
free_exercise_db:Donkey_Calf_Raises,Donkey Calf Raises,Elevación de talones tipo burro,,yes
free_exercise_db:Double_Kettlebell_Alternating_Hang_Clean,Double Kettlebell Alternating Hang Clean,Cargada colgante alterna con dos pesas rusas,,yes
free_exercise_db:Double_Kettlebell_Jerk,Double Kettlebell Jerk,Envión con dos pesas rusas,,yes
free_exercise_db:Double_Kettlebell_Push_Press,Double Kettlebell Push Press,Push press con dos pesas rusas,,yes
free_exercise_db:Double_Kettlebell_Snatch,Double Kettlebell Snatch,Arranque con dos pesas rusas,,yes
free_exercise_db:Double_Kettlebell_Windmill,Double Kettlebell Windmill,Molino con dos pesas rusas,,yes
free_exercise_db:Double_Leg_Butt_Kick,Double Leg Butt Kick,Salto con talones a los glúteos,,yes
free_exercise_db:Downward_Facing_Balance,Downward Facing Balance,Equilibrio boca abajo en fitball,,yes
free_exercise_db:Drag_Curl,Drag Curl,Drag curl con barra,,yes
free_exercise_db:Drop_Push,Drop Push,Flexión con caída desde cajones,,yes
exercisedb_v1:Q497lAE,Drop Push Up,Flexión con caída de rodillas,,yes
free_exercise_db:Dumbbell_Alternate_Bicep_Curl,Dumbbell Alternate Bicep Curl,Curl de bíceps alterno con mancuernas,,yes
exercisedb_v1:BU15nH4,Dumbbell Alternate Biceps Curl,Curl de bíceps alterno con mancuernas,,yes
exercisedb_v1:CfKsRbG,Dumbbell Alternate Biceps Curl (with Arm Blaster),Curl de bíceps alterno con mancuernas y arm blaster,,yes
exercisedb_v1:fy7Tgy4,Dumbbell Alternate Hammer Preacher Curl,Curl martillo predicador alterno con mancuernas,,yes
exercisedb_v1:NlfIbzq,Dumbbell Alternate Preacher Curl,Curl predicador alterno con mancuernas,,yes
exercisedb_v1:6em2Dxj,Dumbbell Alternate Seated Hammer Curl,Curl martillo sentado alterno con mancuernas,,yes
exercisedb_v1:izMnLqz,Dumbbell Alternate Side Press,Press lateral alterno con mancuernas,,yes
exercisedb_v1:Zwiw7XR,Dumbbell Alternating Bicep Curl With Leg Raised On Exercise Ball,Curl de bíceps alterno con mancuernas y una pierna apoyada en fitball,,yes
exercisedb_v1:J74XlNf,Dumbbell Alternating Seated Bicep Curl On Exercise Ball,Curl de bíceps alterno sentado en fitball con mancuernas,,yes
exercisedb_v1:Xy4jlWA,Dumbbell Arnold Press,Press Arnold con mancuernas,,yes
exercisedb_v1:eOrFCnx,Dumbbell Arnold Press V. 2,Press Arnold con mancuernas,,yes
exercisedb_v1:vi8EhoE,Dumbbell Around Pullover,Pullover circular con mancuerna,,yes
exercisedb_v1:Xd65M9w,Dumbbell Around Pullover - Intensive Variation,Pullover circular con mancuerna intensivo,,yes
free_exercise_db:Dumbbell_Bench_Press,Dumbbell Bench Press,Press de banca con mancuernas,,yes
exercisedb_v1:SpYC0Kp,Dumbbell Bench Press,Press de banca con mancuernas,,yes
free_exercise_db:Dumbbell_Bench_Press_with_Neutral_Grip,Dumbbell Bench Press with Neutral Grip,Press de banca con mancuernas y agarre neutro,,yes
exercisedb_v1:3d7wHyd,Dumbbell Bench Seated Press,Press sentado con mancuernas en banco,,yes
exercisedb_v1:mnzcrIB,Dumbbell Bench Squat,Sentadilla al banco con mancuerna,,yes
exercisedb_v1:BJ0Hz5L,Dumbbell Bent Over Row,Remo inclinado con mancuernas,,yes
free_exercise_db:Dumbbell_Bicep_Curl,Dumbbell Bicep Curl,Curl de bíceps con mancuernas,,yes
exercisedb_v1:1VpF8db,Dumbbell Bicep Curl Lunge With Bowling Motion,Zancada con curl de bíceps y movimiento de bolos con mancuernas,,yes
exercisedb_v1:2NImIAG,Dumbbell Bicep Curl On Exercise Ball With Leg Raised,Curl de bíceps con mancuernas en fitball con pierna elevada,,yes
exercisedb_v1:uSkDMYl,Dumbbell Bicep Curl With Stork Stance,Curl de bíceps con mancuernas en postura de cigüeña,,yes
exercisedb_v1:NbVPDMW,Dumbbell Biceps Curl,Curl de bíceps con mancuernas,,yes
exercisedb_v1:nlJsbkW,Dumbbell Biceps Curl (with Arm Blaster),Curl de bíceps con mancuernas y arm blaster,,yes
exercisedb_v1:nFc4FyV,Dumbbell Biceps Curl Reverse,Curl de bíceps invertido con mancuernas,,yes
exercisedb_v1:niXESDw,Dumbbell Biceps Curl Squat,Curl de bíceps con mancuernas en sentadilla,,yes
exercisedb_v1:H1XAdpk,Dumbbell Biceps Curl V Sit On Bosu Ball,Curl de bíceps con mancuernas sentado en V sobre bosu,,yes
exercisedb_v1:0JtKWum,Dumbbell Burpee,Burpee con mancuernas,,yes
free_exercise_db:Dumbbell_Clean,Dumbbell Clean,Cargada con mancuernas,,yes
exercisedb_v1:7Hg55JG,Dumbbell Clean,Cargada con mancuernas,,yes
exercisedb_v1:7jGOBF3,Dumbbell Close Grip Press,Press con mancuernas con agarre cerrado,,yes
exercisedb_v1:RxayqAZ,Dumbbell Close-grip Press,Press con agarre cerrado con mancuernas,,yes
exercisedb_v1:gvsWLQw,Dumbbell Concentration Curl,Curl concentrado con mancuerna,,yes
exercisedb_v1:ecl28tP,Dumbbell Contralateral Forward Lunge,Zancada frontal contralateral con mancuernas,,yes
exercisedb_v1:Qyk5J3p,Dumbbell Cross Body Hammer Curl,Curl martillo cruzado con mancuernas,,yes
exercisedb_v1:HDYiZcY,Dumbbell Cross Body Hammer Curl V. 2,Curl martillo cruzado con mancuernas,,yes
exercisedb_v1:QfAKy1G,Dumbbell Cuban Press,Press cubano con mancuernas,,yes
exercisedb_v1:BqgCRif,Dumbbell Cuban Press V. 2,Press cubano con mancuernas,,yes
exercisedb_v1:nUwVh7b,Dumbbell Deadlift,Peso muerto con mancuernas,,yes
exercisedb_v1:DwhEmmE,Dumbbell Decline Bench Press,Press de banca declinado con mancuernas,,yes
exercisedb_v1:xXm4nYq,Dumbbell Decline Fly,Aperturas declinadas con mancuernas,,yes
exercisedb_v1:1qrWgZ2,Dumbbell Decline Hammer Press,Press martillo declinado con mancuernas,,yes
exercisedb_v1:NL6YBwN,Dumbbell Decline One Arm Fly,Apertura declinada con mancuerna a una mano,,yes
exercisedb_v1:SHUMp5H,Dumbbell Decline One Arm Hammer Press,Press martillo declinado con mancuerna a una mano,,yes
exercisedb_v1:cwsAI4G,Dumbbell Decline Shrug,Encogimiento de hombros declinado con mancuernas,,yes
exercisedb_v1:IH2kr7n,Dumbbell Decline Shrug - Rigid Variation,Encogimiento de hombros declinado con mancuernas - variante rígida,,yes
exercisedb_v1:bRlbdjK,Dumbbell Decline Shrug V. 2,Encogimiento de hombros declinado con mancuernas,,yes
exercisedb_v1:OTgkHwR,Dumbbell Decline Triceps Extension,Extensión de tríceps declinada con mancuernas,,yes
exercisedb_v1:reFHapa,Dumbbell Decline Twist Fly,Aperturas declinadas con giro con mancuernas,,yes
exercisedb_v1:mtXengz,Dumbbell Finger Curls,Curl de dedos con mancuerna,,yes
free_exercise_db:Dumbbell_Floor_Press,Dumbbell Floor Press,Press en el suelo con mancuernas,,yes
exercisedb_v1:yz9nUhF,Dumbbell Fly,Aperturas con mancuernas,,yes
exercisedb_v1:Lt3iWnf,Dumbbell Fly On Exercise Ball,Aperturas con mancuernas en fitball,,yes
free_exercise_db:Dumbbell_Flyes,Dumbbell Flyes,Aperturas con mancuernas,,yes
exercisedb_v1:XalXcvM,Dumbbell Forward Lunge Triceps Extension,Zancada frontal con extensión de tríceps con mancuernas,,yes
exercisedb_v1:3eGE2JC,Dumbbell Front Raise,Elevación frontal con mancuernas,,yes
exercisedb_v1:Rr7S3yg,Dumbbell Front Raise V. 2,Elevación frontal con mancuernas,,yes
exercisedb_v1:AQ0mC4Y,Dumbbell Full Can Lateral Raise,Elevación lateral full can con mancuernas,,yes
exercisedb_v1:yn8yg1r,Dumbbell Goblet Squat,Sentadilla goblet con mancuerna,,yes
exercisedb_v1:slDvUAU,Dumbbell Hammer Curl,Curl martillo con mancuernas,,yes
exercisedb_v1:fY68AyX,Dumbbell Hammer Curl On Exercise Ball,Curl martillo con mancuernas en fitball,,yes
exercisedb_v1:2NpxjC1,Dumbbell Hammer Curl V. 2,Curl martillo con mancuernas,,yes
exercisedb_v1:79AmJsI,Dumbbell Hammer Curl With Traditional,Curl martillo tradicional con mancuernas,,yes
exercisedb_v1:GNhAeJ0,Dumbbell Hammer Curls (with Arm Blaster),Curl martillo con mancuernas y arm blaster,,yes
exercisedb_v1:qAmNMJY,Dumbbell High Curl,Curl alto con mancuernas,,yes
exercisedb_v1:TVdivgY,Dumbbell Incline Alternate Press,Press inclinado alterno con mancuernas,,yes
exercisedb_v1:ns0SIbU,Dumbbell Incline Bench Press,Press de banca inclinado con mancuernas,,yes
exercisedb_v1:F3xgbjF,Dumbbell Incline Biceps Curl,Curl de bíceps inclinado con mancuernas,,yes
exercisedb_v1:B3Rxp6L,Dumbbell Incline Breeding,Press inclinado con mancuernas,,yes
exercisedb_v1:ae9UoXQ,Dumbbell Incline Curl,Curl inclinado con mancuernas,,yes
exercisedb_v1:RaflbWD,Dumbbell Incline Curl V. 2,Curl inclinado con mancuernas,,yes
exercisedb_v1:ESOd5Pl,Dumbbell Incline Fly,Aperturas inclinadas con mancuernas,,yes
exercisedb_v1:HYe1ZqR,Dumbbell Incline Fly On Exercise Ball,Aperturas inclinadas con mancuernas en fitball,,yes
exercisedb_v1:ByX0WxV,Dumbbell Incline Hammer Curl,Curl martillo inclinado con mancuernas,,yes
exercisedb_v1:PG1kcIb,Dumbbell Incline Hammer Press,Press martillo inclinado con mancuernas,,yes
exercisedb_v1:wkgnGfb,Dumbbell Incline Hammer Press On Exercise Ball,Press martillo inclinado con mancuernas en fitball,,yes
exercisedb_v1:LCtQPn8,Dumbbell Incline Inner Biceps Curl,Curl de bíceps interno inclinado con mancuernas,,yes
exercisedb_v1:Gw2HFvW,Dumbbell Incline One Arm Fly,Apertura inclinada con mancuerna a una mano,,yes
exercisedb_v1:LLNh6q5,Dumbbell Incline One Arm Fly On Exercise Ball,Apertura inclinada con mancuerna a una mano en fitball,,yes
exercisedb_v1:LL1UiTX,Dumbbell Incline One Arm Hammer Press,Press martillo inclinado con mancuerna a una mano,,yes
exercisedb_v1:jDnrkar,Dumbbell Incline One Arm Hammer Press On Exercise Ball,Press martillo inclinado con mancuerna a una mano en fitball,,yes
exercisedb_v1:aTNKZiC,Dumbbell Incline One Arm Lateral Raise,Elevación lateral inclinada con mancuerna a una mano,,yes
exercisedb_v1:rDAiRf9,Dumbbell Incline One Arm Press,Press inclinado con mancuerna a una mano,,yes
exercisedb_v1:Bg5JKSH,Dumbbell Incline One Arm Press On Exercise Ball,Press inclinado con mancuerna a una mano en fitball,,yes
exercisedb_v1:sJElUUI,Dumbbell Incline One Arm Press On Exercise Ball Modified,Press inclinado con mancuerna a una mano en fitball modificado,,yes
exercisedb_v1:qlZUaZ8,Dumbbell Incline One Arm Press On Exercise Ball With Extended,Press inclinado con mancuerna a una mano en fitball extendido,,yes
exercisedb_v1:OVLmUuL,Dumbbell Incline Palm-in Press,Press inclinado con mancuernas con agarre neutro,,yes
exercisedb_v1:bfiHMpI,Dumbbell Incline Press On Exercise Ball,Press inclinado con mancuernas en fitball,,yes
exercisedb_v1:nxW6BkN,Dumbbell Incline Raise,Elevación inclinada con mancuernas,,yes
exercisedb_v1:vYk8lqw,Dumbbell Incline Rear Lateral Raise,Elevación lateral posterior inclinada con mancuernas,,yes
free_exercise_db:Dumbbell_Incline_Row,Dumbbell Incline Row,Remo con mancuernas en banco inclinado,,yes
exercisedb_v1:7vG5o25,Dumbbell Incline Row,Remo con mancuernas en banco inclinado,,yes
free_exercise_db:Dumbbell_Incline_Shoulder_Raise,Dumbbell Incline Shoulder Raise,Elevación de hombros en banco inclinado con mancuernas,,yes
exercisedb_v1:6e2DcYX,Dumbbell Incline Shoulder Raise,Elevación de hombros en banco inclinado con mancuernas,,yes
exercisedb_v1:JymLInS,Dumbbell Incline Shrug,Encogimiento de hombros inclinado con mancuernas,,yes
exercisedb_v1:jgbvVJ0,Dumbbell Incline T-raise,Elevación en T inclinada con mancuernas,,yes
exercisedb_v1:OVIKwsd,Dumbbell Incline Triceps Extension,Extensión de tríceps inclinada con mancuernas,,yes
exercisedb_v1:1PLE8e9,Dumbbell Incline Twisted Flyes,Aperturas inclinadas con giro con mancuernas,,yes
exercisedb_v1:U7D9Fx3,Dumbbell Incline Two Arm Extension,Extensión inclinada a dos manos con mancuernas,,yes
exercisedb_v1:PbzNu7c,Dumbbell Incline Y-raise,Elevación en Y con mancuernas en banco inclinado,,yes
exercisedb_v1:cALkHHX,Dumbbell Iron Cross,Cruz de hierro con mancuernas,,yes
exercisedb_v1:1RIkUHT,Dumbbell Iron Cross - Improved Variation,Cruz de hierro con mancuernas,,yes
exercisedb_v1:W6PxUkg,Dumbbell Kickback,Patada de tríceps con mancuernas,,yes
exercisedb_v1:cAvTaSg,Dumbbell Kickbacks On Exercise Ball,Patada de tríceps con mancuernas en fitball,,yes
exercisedb_v1:2JCuFTU,Dumbbell Kneeling Bicep Curl Exercise Ball,Curl de bíceps de rodillas con mancuernas sobre fitball,,yes
exercisedb_v1:DsgkuIt,Dumbbell Lateral Raise,Elevación lateral con mancuernas,,yes
exercisedb_v1:xMjBKwn,Dumbbell Lateral To Front Raise,Elevación lateral a frontal con mancuernas,,yes
exercisedb_v1:RRWFUcw,Dumbbell Lunge,Zancada con mancuernas,,yes
exercisedb_v1:Mz6lLcW,Dumbbell Lunge With Bicep Curl,Zancada con curl de bíceps con mancuernas,,yes
exercisedb_v1:Uywa4S5,Dumbbell Lunge With Firm,Zancada con mancuernas y forma firme,,yes
free_exercise_db:Dumbbell_Lunges,Dumbbell Lunges,Zancadas con mancuernas,,yes
exercisedb_v1:NfP83rA,Dumbbell Lying Alternate Extension,Extensión de tríceps alterna acostado con mancuernas,,yes
exercisedb_v1:eOCOwIR,Dumbbell Lying Elbow Press,Press de codos acostado con mancuernas,,yes
exercisedb_v1:L2V5Nan,Dumbbell Lying Extension (across Face),Extensión de tríceps acostado con mancuerna (sobre la cara),,yes
exercisedb_v1:bmBf7LN,Dumbbell Lying External Shoulder Rotation,Rotación externa de hombro acostado con mancuerna,,yes
exercisedb_v1:FkBIE6a,Dumbbell Lying Femoral,Curl femoral acostado con mancuerna,,yes
exercisedb_v1:7gdLIXa,Dumbbell Lying Hammer Press,Press martillo acostado con mancuernas,,yes
exercisedb_v1:Ion0XWz,Dumbbell Lying On Floor Rear Delt Raise,Elevación de deltoides posterior acostado en el suelo con mancuernas,,yes
exercisedb_v1:gSw59a4,Dumbbell Lying One Arm Deltoid Rear,Elevación de deltoides posterior acostado con mancuerna a una mano,,yes
exercisedb_v1:zGSIWQi,Dumbbell Lying One Arm Press,Press acostado con mancuerna a una mano,,yes
exercisedb_v1:K3dIO25,Dumbbell Lying One Arm Press V. 2,Press acostado con mancuerna a una mano,,yes
exercisedb_v1:wyaqzOS,Dumbbell Lying One Arm Pronated Triceps Extension,Extensión de tríceps acostado con mancuerna a una mano con agarre prono,,yes
exercisedb_v1:KwFGiEP,Dumbbell Lying One Arm Rear Lateral Raise,Elevación lateral posterior acostado con mancuerna a una mano,,yes
exercisedb_v1:zZlORz6,Dumbbell Lying One Arm Supinated Triceps Extension,Extensión de tríceps acostado con mancuerna a una mano con agarre supino,,yes
free_exercise_db:Dumbbell_Lying_One-Arm_Rear_Lateral_Raise,Dumbbell Lying One-Arm Rear Lateral Raise,Elevación lateral posterior acostado con mancuerna a una mano,,yes
free_exercise_db:Dumbbell_Lying_Pronation,Dumbbell Lying Pronation,Pronación acostado con mancuerna,,yes
exercisedb_v1:mym4hJo,Dumbbell Lying Pronation,Pronación acostado con mancuernas,,yes
exercisedb_v1:7RWNjiB,Dumbbell Lying Pronation On Floor,Pronación acostado en el suelo con mancuernas,,yes
exercisedb_v1:iK59oEA,Dumbbell Lying Pullover On Exercise Ball,Pullover acostado con mancuerna en fitball,,yes
exercisedb_v1:XUUD0Fs,Dumbbell Lying Rear Delt Row,Remo para deltoides posterior acostado con mancuernas,,yes
free_exercise_db:Dumbbell_Lying_Rear_Lateral_Raise,Dumbbell Lying Rear Lateral Raise,Elevación lateral posterior acostado con mancuernas,,yes
exercisedb_v1:53Ttlck,Dumbbell Lying Rear Lateral Raise,Elevación lateral posterior acostado con mancuernas,,yes
exercisedb_v1:6MfS53i,Dumbbell Lying Single Extension,Extensión de tríceps acostado con mancuerna a una mano,,yes
free_exercise_db:Dumbbell_Lying_Supination,Dumbbell Lying Supination,Supinación acostado de lado con mancuerna,,yes
exercisedb_v1:M2Pm3zj,Dumbbell Lying Supination,Supinación acostado con mancuernas,,yes
exercisedb_v1:rEhi2o5,Dumbbell Lying Supination On Floor,Supinación acostado en el suelo con mancuernas,,yes
exercisedb_v1:XVzF3iZ,Dumbbell Lying Supine Biceps Curl,Curl de bíceps acostado boca arriba con mancuernas,,yes
exercisedb_v1:KUaZst7,Dumbbell Lying Supine Curl,Curl acostado boca arriba con mancuernas,,yes
exercisedb_v1:mpKZGWz,Dumbbell Lying Triceps Extension,Extensión de tríceps acostado con mancuernas,,yes
exercisedb_v1:qm9veZw,Dumbbell Lying Wide Curl,Curl acostado con mancuernas y agarre abierto,,yes
exercisedb_v1:pP8wP2P,Dumbbell Neutral Grip Bench Press,Press de banca con agarre neutro con mancuernas,,yes
exercisedb_v1:o5Jsk92,Dumbbell One Arm Bench Fly,Apertura en banco con mancuerna a una mano,,yes
exercisedb_v1:C0MA9bC,Dumbbell One Arm Bent-over Row,Remo inclinado con mancuerna a una mano,,yes
exercisedb_v1:Bpkf41o,Dumbbell One Arm Chest Fly On Exercise Ball,Apertura de pecho con mancuerna a una mano en fitball,,yes
exercisedb_v1:k5IpyHg,Dumbbell One Arm Concentration Curl (on Stability Ball),Curl concentrado a una mano con mancuerna sobre fitball,,yes
exercisedb_v1:REGM1dE,Dumbbell One Arm Decline Chest Press,Press de pecho declinado con mancuerna a una mano,,yes
exercisedb_v1:Am02iPd,Dumbbell One Arm Fly On Exercise Ball,Apertura con mancuerna a una mano en fitball,,yes
exercisedb_v1:r4RZKpF,Dumbbell One Arm Fly On Exercise Ball Improved,Apertura con mancuerna a una mano en fitball mejorada,,yes
exercisedb_v1:ziFKQXP,Dumbbell One Arm French Press On Exercise Ball,Press francés a una mano con mancuerna en fitball,,yes
exercisedb_v1:4dF3maG,Dumbbell One Arm Hammer Preacher Curl,Curl martillo predicador a una mano con mancuerna,,yes
exercisedb_v1:VYmYxK5,Dumbbell One Arm Hammer Press On Exercise Ball,Press martillo con mancuerna a una mano en fitball,,yes
exercisedb_v1:PDaMuyV,Dumbbell One Arm Incline Chest Press,Press de pecho inclinado con mancuerna a una mano,,yes
exercisedb_v1:bQy2Eni,Dumbbell One Arm Kickback,Patada de tríceps con mancuerna a una mano,,yes
exercisedb_v1:n5cWCsI,Dumbbell One Arm Lateral Raise,Elevación lateral con mancuerna a una mano,,yes
exercisedb_v1:Yg7MJAT,Dumbbell One Arm Lateral Raise With Support,Elevación lateral con mancuerna a una mano con apoyo,,yes
exercisedb_v1:QZFv5ui,Dumbbell One Arm Press On Exercise Ball,Press con mancuerna a una mano en fitball,,yes
exercisedb_v1:JWjujiY,Dumbbell One Arm Prone Curl,Curl boca abajo a una mano con mancuerna,,yes
exercisedb_v1:LIGZSTA,Dumbbell One Arm Prone Hammer Curl,Curl martillo boca abajo a una mano con mancuerna,,yes
exercisedb_v1:XqYQ9JA,Dumbbell One Arm Prone Hammer Curl - Macro Variation,Curl martillo boca abajo a una mano con mancuerna - variante macro,,yes
exercisedb_v1:bQHPBU3,Dumbbell One Arm Pullover On Exercise Ball,Pullover con mancuerna a una mano en fitball,,yes
exercisedb_v1:e25F58f,Dumbbell One Arm Reverse Fly (with Support),Aperturas invertidas con mancuerna a una mano (con apoyo),,yes
exercisedb_v1:Ze7MoIb,Dumbbell One Arm Reverse Grip Press,Press con mancuerna a una mano y agarre invertido,,yes
exercisedb_v1:bWxq4op,Dumbbell One Arm Reverse Preacher Curl,Curl predicador invertido a una mano con mancuerna,,yes
exercisedb_v1:VdLZ3nB,Dumbbell One Arm Reverse Spider Curl,Curl araña invertido a una mano con mancuerna,,yes
exercisedb_v1:BwSNDGt,Dumbbell One Arm Reverse Wrist Curl,Curl de muñeca invertido con mancuerna a una mano,,yes
exercisedb_v1:s999Hdo,Dumbbell One Arm Seated Bicep Curl On Exercise Ball,Curl de bíceps sentado a una mano con mancuerna sobre fitball,,yes
exercisedb_v1:jK2hZ6n,Dumbbell One Arm Seated Hammer Curl,Curl martillo sentado a una mano con mancuerna,,yes
exercisedb_v1:YtaCTYl,Dumbbell One Arm Seated Neutral Wrist Curl,Curl de muñeca con agarre neutro sentado con mancuerna a una mano,,yes
exercisedb_v1:84RyJf8,Dumbbell One Arm Shoulder Press,Press de hombros con mancuerna a una mano,,yes
exercisedb_v1:1TkiAFK,Dumbbell One Arm Shoulder Press V. 2,Press de hombros con mancuerna a una mano,,yes
exercisedb_v1:6pTkI99,Dumbbell One Arm Snatch,Arranque con mancuerna a una mano,,yes
exercisedb_v1:ffQsyBj,Dumbbell One Arm Standing Curl,Curl de pie a una mano con mancuerna,,yes
exercisedb_v1:2sQGZ5b,Dumbbell One Arm Standing Hammer Curl,Curl martillo de pie a una mano con mancuerna,,yes
exercisedb_v1:nAuHPcD,Dumbbell One Arm Triceps Extension (on Bench),Extensión de tríceps con mancuerna a una mano (en banco),,yes
exercisedb_v1:6cKQC5E,Dumbbell One Arm Upright Row,Remo al mentón con mancuerna a una mano,,yes
exercisedb_v1:q8aHNoF,Dumbbell One Arm Wrist Curl,Curl de muñeca con mancuerna a una mano,,yes
exercisedb_v1:sxY5Biu,Dumbbell One Arm Zottman Preacher Curl,Curl Zottman predicador a una mano con mancuerna,,yes
exercisedb_v1:pH2x2jj,Dumbbell One Leg Fly On Exercise Ball,Aperturas con mancuernas a una pierna en fitball,,yes
free_exercise_db:Dumbbell_One-Arm_Shoulder_Press,Dumbbell One-Arm Shoulder Press,Press de hombros con mancuerna a una mano,,yes
free_exercise_db:Dumbbell_One-Arm_Triceps_Extension,Dumbbell One-Arm Triceps Extension,Extensión de tríceps con mancuerna a una mano,,yes
free_exercise_db:Dumbbell_One-Arm_Upright_Row,Dumbbell One-Arm Upright Row,Remo al mentón con mancuerna a una mano,,yes
exercisedb_v1:BKa8dmT,Dumbbell Over Bench Neutral Wrist Curl,Curl de muñeca con agarre neutro sobre banco con mancuernas,,yes
exercisedb_v1:IvV6C9M,Dumbbell Over Bench One Arm Neutral Wrist Curl,Curl de muñeca con agarre neutro sobre banco a una mano con mancuerna,,yes
exercisedb_v1:4Jc36XM,Dumbbell Over Bench One Arm Reverse Wrist Curl,Curl de muñeca invertido sobre banco con mancuerna a una mano,,yes
exercisedb_v1:KI1DjNN,Dumbbell Over Bench One Arm Wrist Curl,Curl de muñeca sobre banco con mancuerna a una mano,,yes
exercisedb_v1:7AnZtSv,Dumbbell Over Bench One Arm Wrist Curl - Strength Variation,Curl de muñeca a una mano sobre banco con mancuerna,,yes
exercisedb_v1:3tAXPQ6,Dumbbell Over Bench Revers Wrist Curl,Curl de muñeca invertido sobre banco con mancuernas,,yes
exercisedb_v1:D1xYJAU,Dumbbell Over Bench Wrist Curl,Curl de muñeca sobre banco con mancuernas,,yes
exercisedb_v1:wt6rwjk,Dumbbell Palm Rotational Bent Over Row,Remo inclinado con mancuernas y rotación de palmas,,yes
exercisedb_v1:8eqjhOl,Dumbbell Palms In Incline Bench Press,Press de banca inclinado con mancuernas y palmas hacia dentro,,yes
exercisedb_v1:F1KxjBa,Dumbbell Peacher Hammer Curl,Curl martillo predicador con mancuernas,,yes
exercisedb_v1:S4pwGlc,Dumbbell Plyo Squat,Sentadilla pliométrica con mancuernas,,yes
exercisedb_v1:jivWf8n,Dumbbell Preacher Curl,Curl predicador con mancuernas,,yes
exercisedb_v1:hwygydB,Dumbbell Preacher Curl Over Exercise Ball,Curl predicador con mancuerna sobre fitball,,yes
exercisedb_v1:O8o7q4d,Dumbbell Press On Exercise Ball,Press con mancuernas en fitball,,yes
exercisedb_v1:bpJL2Qs,Dumbbell Pronate-grip Triceps Extension,Extensión de tríceps con mancuerna con agarre prono,,yes
free_exercise_db:Dumbbell_Prone_Incline_Curl,Dumbbell Prone Incline Curl,Curl inclinado boca abajo con mancuernas,,yes
exercisedb_v1:mwpPcr1,Dumbbell Prone Incline Curl,Curl inclinado boca abajo con mancuernas,,yes
exercisedb_v1:cWemPG8,Dumbbell Prone Incline Hammer Curl,Curl martillo inclinado boca abajo con mancuernas,,yes
exercisedb_v1:9XjtHvS,Dumbbell Pullover,Pullover con mancuerna,,yes
exercisedb_v1:lI7easp,Dumbbell Pullover Hip Extension On Exercise Ball,Pullover con extensión de cadera con mancuerna en fitball,,yes
exercisedb_v1:FSD6PGL,Dumbbell Pullover On Exercise Ball,Pullover con mancuerna en fitball,,yes
exercisedb_v1:FS63wTN,Dumbbell Push Press,Push press con mancuernas,,yes
free_exercise_db:Dumbbell_Raise,Dumbbell Raise,Remo al mentón con mancuernas,,yes
exercisedb_v1:c9MnDRp,Dumbbell Raise,Elevación con mancuernas,,yes
exercisedb_v1:mu5Guxt,Dumbbell Rear Delt Raise,Elevación de deltoides posterior con mancuernas,,yes
exercisedb_v1:EKXOMEh,Dumbbell Rear Delt Row_shoulder,Remo para deltoides posterior con mancuernas,,yes
exercisedb_v1:8DiFDVA,Dumbbell Rear Fly,Aperturas posteriores con mancuernas,,yes
exercisedb_v1:v1qBec9,Dumbbell Rear Lateral Raise,Elevación lateral posterior con mancuernas,,yes
exercisedb_v1:UzkLrem,Dumbbell Rear Lateral Raise (support Head),Elevación lateral posterior con mancuernas (con apoyo de la cabeza),,yes
free_exercise_db:Dumbbell_Rear_Lunge,Dumbbell Rear Lunge,Zancada hacia atrás con mancuernas,,yes
exercisedb_v1:SSsBDwB,Dumbbell Rear Lunge,Zancada hacia atrás con mancuernas,,yes
exercisedb_v1:e4ojVhP,Dumbbell Revers Grip Biceps Curl,Curl de bíceps con agarre invertido con mancuernas,,yes
exercisedb_v1:UIbGx6H,Dumbbell Reverse Bench Press,Press de banca invertido con mancuernas,,yes
exercisedb_v1:EAs3xL9,Dumbbell Reverse Fly,Aperturas invertidas con mancuernas,,yes
exercisedb_v1:ZIViNh1,Dumbbell Reverse Grip Incline Bench One Arm Row,Remo con mancuerna a una mano y agarre invertido en banco inclinado,,yes
exercisedb_v1:9pQSkH8,Dumbbell Reverse Grip Incline Bench Two Arm Row,Remo con mancuernas a dos manos y agarre invertido en banco inclinado,,yes
exercisedb_v1:Nh3mvOO,Dumbbell Reverse Grip Row (female),Remo con mancuernas y agarre invertido,,yes
exercisedb_v1:KQfySvS,Dumbbell Reverse Grip Row (female) Hold,Remo con mancuernas y agarre invertido con pausa,,yes
exercisedb_v1:O8Aq69u,Dumbbell Reverse Preacher Curl,Curl predicador invertido con mancuernas,,yes
exercisedb_v1:6sMAmNv,Dumbbell Reverse Spider Curl,Curl araña invertido con mancuernas,,yes
exercisedb_v1:BLCvwr2,Dumbbell Reverse Wrist Curl,Curl de muñeca invertido con mancuernas,,yes
exercisedb_v1:rR0LJzx,Dumbbell Romanian Deadlift,Peso muerto rumano con mancuernas,,yes
exercisedb_v1:prbWx1D,Dumbbell Rotation Reverse Fly,Aperturas invertidas con rotación con mancuernas,,yes
free_exercise_db:Dumbbell_Scaption,Dumbbell Scaption,Elevación en el plano escapular con mancuernas,,yes
exercisedb_v1:5vfAI0I,Dumbbell Scott Press,Press Scott con mancuernas,,yes
exercisedb_v1:gH5fRsC,Dumbbell Seated Alternate Front Raise,Elevación frontal alterna sentado con mancuernas,,yes
exercisedb_v1:QLRmNeT,Dumbbell Seated Alternate Hammer Curl On Exercise Ball,Curl martillo alterno sentado en fitball con mancuernas,,yes
exercisedb_v1:QT5Q0nK,Dumbbell Seated Alternate Press,Press alterno sentado con mancuernas,,yes
exercisedb_v1:q7qkONO,Dumbbell Seated Alternate Shoulder,Press de hombros alterno sentado con mancuernas,,yes
exercisedb_v1:JhYSVwT,Dumbbell Seated Bench Extension,Extensión de tríceps sentado en banco con mancuerna,,yes
exercisedb_v1:JzQbv7J,Dumbbell Seated Bent Arm Lateral Raise,Elevación lateral con brazos flexionados sentado con mancuernas,,yes
exercisedb_v1:x0lwvfq,Dumbbell Seated Bent Over Alternate Kickback,Patada de tríceps alterna con mancuernas sentado con el torso inclinado,,yes
exercisedb_v1:4ievMJ9,Dumbbell Seated Bent Over Triceps Extension,Extensión de tríceps con mancuernas sentado con el torso inclinado,,yes
exercisedb_v1:xiA6lRr,Dumbbell Seated Bicep Curl,Curl de bíceps sentado con mancuernas,,yes
exercisedb_v1:WgJnBH5,Dumbbell Seated Biceps Curl (on Stability Ball),Curl de bíceps sentado en fitball con mancuernas,,yes
exercisedb_v1:OeL23VY,Dumbbell Seated Biceps Curl To Shoulder Press,Curl de bíceps a press de hombros sentado con mancuernas,,yes
free_exercise_db:Dumbbell_Seated_Box_Jump,Dumbbell Seated Box Jump,Salto al cajón desde sentado con mancuerna,,yes
exercisedb_v1:r29jP7S,Dumbbell Seated Calf Raise,Elevación de talones sentado con mancuerna,,yes
exercisedb_v1:TiaZTxx,Dumbbell Seated Curl,Curl sentado con mancuernas,,yes
exercisedb_v1:Ys97II0,Dumbbell Seated Front Raise,Elevación frontal sentado con mancuernas,,yes
exercisedb_v1:IGtBdNT,Dumbbell Seated Hammer Curl,Curl martillo sentado con mancuernas,,yes
exercisedb_v1:KXyoEtA,Dumbbell Seated Inner Biceps Curl,Curl de bíceps interno sentado con mancuernas,,yes
exercisedb_v1:en550rk,Dumbbell Seated Kickback,Patada de tríceps sentado con mancuernas,,yes
exercisedb_v1:hxyTtWj,Dumbbell Seated Lateral Raise,Elevación lateral sentado con mancuernas,,yes
exercisedb_v1:hrrS0Ed,Dumbbell Seated Lateral Raise V. 2,Elevación lateral sentado con mancuernas,,yes
exercisedb_v1:uJmK7Z1,Dumbbell Seated Neutral Wrist Curl,Curl de muñeca con agarre neutro sentado con mancuernas,,yes
exercisedb_v1:84sESNy,Dumbbell Seated One Arm Bicep Curl On Exercise Ball With Leg Raised,Curl de bíceps sentado en fitball con mancuerna a una mano y pierna elevada,,yes
exercisedb_v1:VQ3sNCn,Dumbbell Seated One Arm Kickback,Patada de tríceps sentado con mancuerna a una mano,,yes
exercisedb_v1:7f2jsqP,Dumbbell Seated One Arm Rotate,Rotación de antebrazo sentado con mancuerna a una mano,,yes
exercisedb_v1:Ia7tumC,Dumbbell Seated One Leg Calf Raise,Elevación de talones sentado a una pierna con mancuerna,,yes
exercisedb_v1:FxhcxUW,Dumbbell Seated One Leg Calf Raise - Hammer Grip,Elevación de talones sentado a una pierna con mancuerna en agarre martillo,,yes
exercisedb_v1:UoX77uR,Dumbbell Seated One Leg Calf Raise - Hammer Grip Deep,Elevación de talones profunda sentado a una pierna con mancuerna en agarre martillo,,yes
exercisedb_v1:VW88JNd,Dumbbell Seated One Leg Calf Raise - Palm Up,Elevación de talones sentado a una pierna con mancuerna y palma hacia arriba,,yes
free_exercise_db:Dumbbell_Seated_One-Leg_Calf_Raise,Dumbbell Seated One-Leg Calf Raise,Elevación de talones sentado a una pierna con mancuerna,,yes
exercisedb_v1:2dImyQ8,Dumbbell Seated Palms Up Wrist Curl,Curl de muñeca sentado con mancuernas y palmas hacia arriba,,yes
exercisedb_v1:7D5bgLT,Dumbbell Seated Preacher Curl,Curl predicador sentado con mancuerna a una mano,,yes
exercisedb_v1:lyKCLmK,Dumbbell Seated Revers Grip Concentration Curl,Curl concentrado sentado con mancuerna y agarre invertido,,yes
exercisedb_v1:5fKX7wi,Dumbbell Seated Reverse Grip One Arm Overhead Tricep Extension,Extensión de tríceps por encima de la cabeza sentado con mancuerna a una mano y agarre invertido,,yes
exercisedb_v1:znQUdHY,Dumbbell Seated Shoulder Press,Press de hombros sentado con mancuernas,,yes
exercisedb_v1:f1jf47L,Dumbbell Seated Shoulder Press (parallel Grip),Press de hombros sentado con mancuernas (agarre neutro),,yes
exercisedb_v1:kont8Ut,Dumbbell Seated Triceps Extension,Extensión de tríceps sentado con mancuerna,,yes
free_exercise_db:Dumbbell_Shoulder_Press,Dumbbell Shoulder Press,Press de hombros con mancuernas,,yes
free_exercise_db:Dumbbell_Shrug,Dumbbell Shrug,Encogimiento de hombros con mancuernas,,yes
exercisedb_v1:NJzBsGJ,Dumbbell Shrug,Encogimiento de hombros con mancuernas,,yes
free_exercise_db:Dumbbell_Side_Bend,Dumbbell Side Bend,Flexión lateral de tronco con mancuerna,,yes
exercisedb_v1:IpONWYv,Dumbbell Side Bend,Flexión lateral de tronco con mancuerna,,yes
exercisedb_v1:fTlkJop,Dumbbell Side Lying One Hand Raise,Elevación acostado de lado con mancuerna a una mano,,yes
exercisedb_v1:X6ytgYZ,Dumbbell Side Plank With Rear Fly,Plancha lateral con apertura posterior con mancuerna,,yes
exercisedb_v1:mWBtgmb,Dumbbell Single Arm Overhead Carry,Transporte por encima de la cabeza con mancuerna a una mano,,yes
exercisedb_v1:1kB3Wmk,Dumbbell Single Leg Calf Raise,Elevación de talones a una pierna con mancuerna,,yes
exercisedb_v1:gKozT8X,Dumbbell Single Leg Deadlift,Peso muerto a una pierna con mancuerna,,yes
exercisedb_v1:daBmy1Y,Dumbbell Single Leg Deadlift With Stepbox Support,Peso muerto a una pierna con mancuerna y apoyo en step,,yes
exercisedb_v1:qx4fgX7,Dumbbell Single Leg Split Squat,Sentadilla búlgara a una pierna con mancuernas,,yes
exercisedb_v1:H6ybluc,Dumbbell Single Leg Squat,Sentadilla a una pierna con mancuernas,,yes
free_exercise_db:Dumbbell_Squat,Dumbbell Squat,Sentadilla con mancuernas,,yes
exercisedb_v1:HsvHqgf,Dumbbell Squat,Sentadilla con mancuernas,,yes
free_exercise_db:Dumbbell_Squat_To_A_Bench,Dumbbell Squat To A Bench,Sentadilla al banco con mancuernas,,yes
exercisedb_v1:LeaZOIz,Dumbbell Standing Alternate Hammer Curl And Press,Curl martillo alterno y press de pie con mancuernas,,yes
exercisedb_v1:bBi35y3,Dumbbell Standing Alternate Overhead Press,Press por encima de la cabeza alterno de pie con mancuernas,,yes
exercisedb_v1:SxHteRW,Dumbbell Standing Alternate Raise,Elevación lateral alterna de pie con mancuernas,,yes
exercisedb_v1:Gi2BXfK,Dumbbell Standing Alternating Tricep Kickback,Patada de tríceps alterna de pie con mancuernas,,yes
exercisedb_v1:RSOsp5d,Dumbbell Standing Around World,Around the world de pie con mancuernas,,yes
exercisedb_v1:CJwa0vD,Dumbbell Standing Bent Over One Arm Triceps Extension,Extensión de tríceps con mancuerna a una mano de pie e inclinado hacia adelante,,yes
exercisedb_v1:3T12T87,Dumbbell Standing Bent Over Two Arm Triceps Extension,Extensión de tríceps a dos manos de pie inclinado hacia adelante con mancuernas,,yes
exercisedb_v1:3s4NnTh,Dumbbell Standing Biceps Curl,Curl de bíceps de pie con mancuernas,,yes
exercisedb_v1:dPmaUaU,Dumbbell Standing Calf Raise,Elevación de talones de pie con mancuernas,,yes
exercisedb_v1:7inpWch,Dumbbell Standing Concentration Curl,Curl concentrado de pie con mancuerna a una mano,,yes
exercisedb_v1:laVRfDf,Dumbbell Standing Front Raise Above Head,Elevación frontal por encima de la cabeza de pie con mancuernas,,yes
exercisedb_v1:vKilzz3,Dumbbell Standing Inner Biceps Curl V. 2,Curl de bíceps interno de pie con mancuernas,,yes
exercisedb_v1:UmpPAAe,Dumbbell Standing Kickback,Patada de tríceps de pie con mancuernas,,yes
exercisedb_v1:8fgqP5a,Dumbbell Standing One Arm Concentration Curl,Curl concentrado de pie con mancuerna a una mano,,yes
exercisedb_v1:BIb1tGo,Dumbbell Standing One Arm Curl (over Incline Bench),Curl de pie con mancuerna a una mano apoyado en banco inclinado,,yes
exercisedb_v1:EmlJR2y,Dumbbell Standing One Arm Curl Over Incline Bench,Curl de pie con mancuerna a una mano sobre banco inclinado,,yes
exercisedb_v1:BCUR88E,Dumbbell Standing One Arm Extension,Extensión de tríceps a una mano de pie con mancuerna,,yes
exercisedb_v1:ocYc6Db,Dumbbell Standing One Arm Palm In Press,Press a una mano de pie con mancuerna y palma hacia dentro,,yes
exercisedb_v1:DU5Kkj2,Dumbbell Standing One Arm Reverse Curl,Curl invertido de pie con mancuerna a una mano,,yes
exercisedb_v1:A6wtbuL,Dumbbell Standing Overhead Press,Press por encima de la cabeza de pie con mancuernas,,yes
exercisedb_v1:UilDHSs,Dumbbell Standing Palms In Press,Press de pie con mancuernas y palmas hacia dentro,,yes
exercisedb_v1:hq2hyDH,Dumbbell Standing Preacher Curl,Curl predicador de pie con mancuernas,,yes
exercisedb_v1:0IgNjSM,Dumbbell Standing Reverse Curl,Curl invertido de pie con mancuernas,,yes
exercisedb_v1:PdmaD0N,Dumbbell Standing Triceps Extension,Extensión de tríceps de pie con mancuerna,,yes
exercisedb_v1:P2nRiUa,Dumbbell Standing Zottman Preacher Curl,Curl predicador Zottman de pie con mancuernas,,yes
exercisedb_v1:76vfTdU,Dumbbell Step Up Single Leg Balance With Bicep Curl,Subida al cajón con equilibrio a una pierna y curl de bíceps con mancuernas,,yes
exercisedb_v1:XE93sQZ,Dumbbell Step Up Single Leg Balance With Bicep Curl - Chair Variation,Subida al cajón con equilibrio a una pierna y curl de bíceps con mancuernas (variante en silla),,yes
free_exercise_db:Dumbbell_Step_Ups,Dumbbell Step Ups,Subidas al cajón con mancuernas,,yes
exercisedb_v1:aXtJhlg,Dumbbell Step-up,Subida al cajón con mancuernas,,yes
exercisedb_v1:gFyFj9z,Dumbbell Step-up Lunge,Zancada con subida al cajón con mancuernas,,yes
exercisedb_v1:QjE2DcA,Dumbbell Step-up Split Squat,Sentadilla dividida con subida al cajón con mancuernas,,yes
exercisedb_v1:5eLRITT,Dumbbell Stiff Leg Deadlift,Peso muerto con piernas rígidas con mancuernas,,yes
exercisedb_v1:i8BdLTK,Dumbbell Straight Arm Pullover,Pullover con brazos extendidos con mancuerna,,yes
exercisedb_v1:oom75KC,Dumbbell Straight Leg Deadlift,Peso muerto con piernas estiradas con mancuernas,,yes
exercisedb_v1:BmrwWzo,Dumbbell Sumo Pull Through,Pull through sumo con mancuerna,,yes
exercisedb_v1:r5DgrW9,Dumbbell Supported Squat,Sentadilla con apoyo con mancuernas,,yes
exercisedb_v1:s5PdDyY,Dumbbell Tate Press,Press Tate con mancuernas,,yes
free_exercise_db:Dumbbell_Tricep_Extension_-Pronated_Grip,Dumbbell Tricep Extension -Pronated Grip,Extensión de tríceps con mancuernas y agarre prono,,yes
exercisedb_v1:wOLmCXc,Dumbbell Tricep Kickback With Stork Stance,Patada de tríceps con mancuerna en postura de cigüeña,,yes
exercisedb_v1:z6TAHoT,Dumbbell Twisting Bench Press,Press de banca con mancuernas y giro de muñeca,,yes
exercisedb_v1:ainizkb,Dumbbell Upright Row,Remo al mentón con mancuernas,,yes
exercisedb_v1:Iptlv6x,Dumbbell Upright Row (back Pov),Remo al mentón con mancuernas,,yes
exercisedb_v1:x306lCW,Dumbbell Upright Shoulder External Rotation,Rotación externa de hombro de pie con mancuernas,,yes
exercisedb_v1:vmwLyCg,Dumbbell W-press,Press en W con mancuernas,,yes
exercisedb_v1:KOpzGBL,Dumbbell Waiter Biceps Curl,Curl de bíceps de camarero con mancuernas,,yes
exercisedb_v1:kXaIn5A,Dumbbell Zottman Curl,Curl Zottman con mancuernas,,yes
exercisedb_v1:y5U5B9Y,Dumbbell Zottman Preacher Curl,Curl predicador Zottman con mancuernas,,yes
exercisedb_v1:FQXdXzY,Dumbbells Seated Triceps Extension,Extensión de tríceps sentado con mancuerna,,yes
free_exercise_db:Dynamic_Back_Stretch,Dynamic Back Stretch,Estiramiento dinámico de espalda,,yes
free_exercise_db:Dynamic_Chest_Stretch,Dynamic Chest Stretch,Estiramiento dinámico de pecho,,yes
exercisedb_v1:3uj0Ozg,Dynamic Chest Stretch (male),Estiramiento dinámico de pecho,,yes
exercisedb_v1:omsF3RN,Dynamic Style Band Side Triceps Extension,Extensión lateral de tríceps con banda elástica (estilo dinámico),,yes
exercisedb_v1:OJFgZJ0,Dynamic Style Barbell Lying Back Of The Head Tricep Extension,Extensión de tríceps tras nuca acostado con barra estilo dinámico,,yes
free_exercise_db:EZ-Bar_Curl,EZ-Bar Curl,Curl con barra Z,,yes
free_exercise_db:EZ-Bar_Skullcrusher,EZ-Bar Skullcrusher,Rompecráneos con barra Z,,yes
free_exercise_db:Elbow_Circles,Elbow Circles,Círculos de codos,,yes
exercisedb_v1:LkoAWAE,Elbow Dips,Fondos de codos,,yes
exercisedb_v1:wbUYILZ,Elbow Lift - Reverse Push-up,Elevación de codos - flexión invertida,,yes
free_exercise_db:Elbow_to_Knee,Elbow to Knee,Crunch codo a rodilla,,yes
exercisedb_v1:jvp6DiD,Elbow-to-knee,Codo a rodilla,,yes
free_exercise_db:Elbows_Back,Elbows Back,Codos hacia atrás,,yes
free_exercise_db:Elevated_Back_Lunge,Elevated Back Lunge,Zancada hacia atrás elevada con barra,,yes
free_exercise_db:Elevated_Cable_Rows,Elevated Cable Rows,Remo en polea elevado,,yes
exercisedb_v1:zYmNaoY,Elevator,Elevador,,yes
free_exercise_db:Elliptical_Trainer,Elliptical Trainer,Elíptica,,yes
exercisedb_v1:jvEXp4N,Endurance Style One Arm Dip,Fondo a una mano estilo resistencia,,yes
exercisedb_v1:EyLrNC2,Exercise Ball Alternating Arm Ups,Elevación alterna de brazos sentado en fitball,,yes
exercisedb_v1:b5uBMv2,Exercise Ball Alternating Arm Ups With Fast,Elevación alterna de brazos sentado en fitball (rápida),,yes
exercisedb_v1:PERjVm8,Exercise Ball Back Extension With Arms Extended,Extensión de espalda en fitball con brazos extendidos,,yes
exercisedb_v1:o1HGDSq,Exercise Ball Back Extension With Hands Behind Head,Extensión de espalda en fitball con manos tras la nuca,,yes
exercisedb_v1:WME869U,Exercise Ball Back Extension With Knees Off Ground,Extensión de espalda en fitball con rodillas elevadas,,yes
exercisedb_v1:WVD66ff,Exercise Ball Back Extension With Rotation,Extensión de espalda en fitball con rotación,,yes
free_exercise_db:Exercise_Ball_Crunch,Exercise Ball Crunch,Crunch en fitball,,yes
exercisedb_v1:kprile3,Exercise Ball Dip,Fondo de tríceps en fitball,,yes
exercisedb_v1:2LQkNPW,Exercise Ball Hip Flexor Stretch,Estiramiento del flexor de cadera con fitball,,yes
exercisedb_v1:hjWjJEm,Exercise Ball Hip Flexor Stretch Pointed,Estiramiento del flexor de cadera con fitball (preciso),,yes
exercisedb_v1:d7z1Y7V,Exercise Ball Hug,Abrazo al fitball,,yes
exercisedb_v1:sM84pE4,Exercise Ball Lat Stretch,Estiramiento de dorsales sentado en fitball,,yes
exercisedb_v1:yU7w7CA,Exercise Ball Lower Back Stretch (pyramid),Estiramiento lumbar en fitball (pirámide),,yes
exercisedb_v1:rTbyBYV,Exercise Ball Lying Side Lat Stretch,Estiramiento lateral de dorsales acostado en fitball,,yes
exercisedb_v1:xo6sENf,Exercise Ball On The Wall Calf Raise,Elevación de talones con fitball en la pared,,yes
exercisedb_v1:FY3UdNT,Exercise Ball On The Wall Calf Raise (tennis Ball Between Ankles),Elevación de talones con fitball en la pared (pelota de tenis entre los tobillos),,yes
exercisedb_v1:j74M6Zn,Exercise Ball On The Wall Calf Raise (tennis Ball Between Knees),Elevación de talones con fitball en la pared (pelota de tenis entre las rodillas),,yes
exercisedb_v1:M72BExt,Exercise Ball One Leg Prone Lower Body Rotation,Rotación del tren inferior boca abajo a una pierna en fitball,,yes
exercisedb_v1:kKYTkjJ,Exercise Ball One Leg Prone Lower Body Rotation Fierce,Rotación del tren inferior boca abajo a una pierna en fitball (enérgica),,yes
exercisedb_v1:GOJKFfO,Exercise Ball One Legged Diagonal Kick Hamstring Curl,Curl femoral con patada diagonal a una pierna en fitball,,yes
exercisedb_v1:sVvXT5J,Exercise Ball Pike Push Up,Flexión en pica con fitball,,yes
exercisedb_v1:lCKm4Rs,Exercise Ball Prone Leg Raise,Elevación de piernas boca abajo con fitball,,yes
free_exercise_db:Exercise_Ball_Pull-In,Exercise Ball Pull-In,Encogimiento de rodillas en fitball,,yes
exercisedb_v1:yRYyfdA,Exercise Ball Seated Hamstring Stretch,Estiramiento de isquiotibiales sentado en fitball,,yes
exercisedb_v1:7ePTw4B,Exercise Ball Seated Triceps Stretch,Estiramiento de tríceps sentado en fitball,,yes
exercisedb_v1:pNIKolI,Exercise Ball Seated Triceps Stretch Wide,Estiramiento de tríceps sentado abierto en fitball,,yes
exercisedb_v1:Gm2Uv1z,Exercise Ball Supine Triceps Extension,Extensión de tríceps boca arriba en fitball con mancuerna,,yes
free_exercise_db:Extended_Range_One-Arm_Kettlebell_Floor_Press,Extended Range One-Arm Kettlebell Floor Press,Press en el suelo con pesa rusa a una mano con recorrido extendido,,yes
exercisedb_v1:1YUWDNZ,Extended Style Inverted Row,Remo invertido extendido,,yes
free_exercise_db:External_Rotation,External Rotation,Rotación externa de hombro con mancuerna,,yes
free_exercise_db:External_Rotation_with_Band,External Rotation with Band,Rotación externa con banda elástica,,yes
free_exercise_db:External_Rotation_with_Cable,External Rotation with Cable,Rotación externa en polea,,yes
exercisedb_v1:CFN9P8G,Ez Bar French Press On Exercise Ball,Press francés con barra Z sobre fitball,,yes
exercisedb_v1:nDK1HJ0,Ez Bar Lying Bent Arms Pullover,Pullover acostado con barra Z y brazos flexionados,,yes
exercisedb_v1:6CKUx7o,Ez Bar Lying Close Grip Triceps Extension Behind Head,Extensión de tríceps tras nuca acostado con barra Z y agarre cerrado,,yes
exercisedb_v1:G8dXpNG,Ez Bar Reverse Grip Bent Over Row,Remo inclinado con barra Z y agarre invertido,,yes
exercisedb_v1:Dsfz0Id,Ez Bar Seated Close Grip Concentration Curl,Curl concentrado sentado con barra Z y agarre cerrado,,yes
exercisedb_v1:1cTf2Ux,Ez Bar Standing French Press,Press francés de pie con barra Z,,yes
exercisedb_v1:fprd84i,Ez Barbell Anti Gravity Press,Press antigravedad con barra Z,,yes
exercisedb_v1:hacCyUv,Ez Barbell Close Grip Preacher Curl,Curl predicador con barra Z y agarre cerrado,,yes
exercisedb_v1:M8IolhQ,Ez Barbell Close Grip Preacher Curl - Precision Variation,Curl predicador con barra Z y agarre cerrado (variante de precisión),,yes
exercisedb_v1:V4ryaZa,Ez Barbell Close-grip Curl,Curl con barra Z y agarre cerrado,,yes
exercisedb_v1:6TG6x2w,Ez Barbell Curl,Curl con barra Z,,yes
exercisedb_v1:DgZQ11d,Ez Barbell Decline Close Grip Face Press,Press a la cara declinado con barra Z y agarre cerrado,,yes
exercisedb_v1:TBNaSNs,Ez Barbell Decline Close Grip Face Press - Mini Variation,Press a la cara declinado con barra Z y agarre cerrado (variante mini),,yes
exercisedb_v1:CQHoDm0,Ez Barbell Decline Triceps Extension,Extensión de tríceps declinada con barra Z,,yes
exercisedb_v1:KyLtiLT,Ez Barbell Incline Triceps Extension,Extensión de tríceps inclinada con barra Z,,yes
exercisedb_v1:hnOYgH3,Ez Barbell Jm Bench Press,Press JM con barra Z,,yes
exercisedb_v1:Y5X65IB,Ez Barbell Reverse Grip Curl,Curl con barra Z y agarre invertido,,yes
exercisedb_v1:vBNyir7,Ez Barbell Reverse Grip Preacher Curl,Curl predicador con barra Z y agarre invertido,,yes
exercisedb_v1:jtFKbt5,Ez Barbell Seated Curls,Curl sentado con barra Z,,yes
exercisedb_v1:iaapw0g,Ez Barbell Seated Triceps Extension,Extensión de tríceps sentado con barra Z,,yes
exercisedb_v1:2kattbR,Ez Barbell Spider Curl,Curl araña con barra Z,,yes
exercisedb_v1:Ye5Qxb0,Ez Barbell Spider Curl,Curl araña con barra Z,,yes
exercisedb_v1:tJ5nYqo,Ez-bar Biceps Curl (with Arm Blaster),Curl de bíceps con barra Z y arm blaster,,yes
exercisedb_v1:da4cXST,Ez-bar Close-grip Bench Press,Press de banca con barra Z y agarre cerrado,,yes
exercisedb_v1:OVTZ65k,Ez-barbell Standing Wide Grip Biceps Curl,Curl de bíceps de pie con barra Z y agarre abierto,,yes
free_exercise_db:Face_Pull,Face Pull,Face pull en polea,,yes
free_exercise_db:Farmers_Walk,Farmer's Walk,Paseo del granjero,,yes
exercisedb_v1:qPEzJjA,Farmers Walk,Paseo del granjero,,yes
exercisedb_v1:lRcrlH8,Fast Band Straight Leg Deadlift,Peso muerto rápido con piernas rectas con banda elástica,,yes
free_exercise_db:Fast_Skipping,Fast Skipping,Skipping rápido,,yes
exercisedb_v1:Qj0HRAZ,Fast Style Resistance Band Seated Hip Abduction,Abducción de cadera sentado con banda de resistencia estilo rápido,,yes
exercisedb_v1:iqH55N8,Fierce Style Forward Lunge (male),Zancada frontal estilo fierce,,yes
exercisedb_v1:F56Xpw3,Fierce Weighted Straight Bar Dip,Fondo intenso en barra recta con lastre,,yes
free_exercise_db:Finger_Curls,Finger Curls,Curl de dedos con barra,,yes
exercisedb_v1:awG04cF,Finger Curls,Curl de dedos con barra,,yes
exercisedb_v1:lFBTISi,Firm Style Hanging Oblique Knee Raise,Elevación oblicua de rodillas colgado,,yes
exercisedb_v1:pQ0Mx1Z,Flag,Bandera humana,,yes
free_exercise_db:Flat_Bench_Cable_Flyes,Flat Bench Cable Flyes,Aperturas en polea en banco plano,,yes
free_exercise_db:Flat_Bench_Leg_Pull-In,Flat Bench Leg Pull-In,Encogimiento de piernas en banco plano,,yes
free_exercise_db:Flat_Bench_Lying_Leg_Raise,Flat Bench Lying Leg Raise,Elevación de piernas acostado en banco plano,,yes
exercisedb_v1:fBnPpzd,Flexible Assisted Prone Hamstring,Curl femoral boca abajo asistido (flexible),,yes
exercisedb_v1:9tvVVM9,Flexible Cable Triceps Pushdown (v-bar),Extensión de tríceps flexible en polea con barra en V,,yes
exercisedb_v1:AR0ig3o,Flexion Leg Sit Up (bent Knee),Abdominal con flexión de piernas (rodillas flexionadas),,yes
exercisedb_v1:KZn52RC,Flexion Leg Sit Up (straight Arm),Abdominal con flexión de piernas (brazos estirados),,yes
free_exercise_db:Flexor_Incline_Dumbbell_Curls,Flexor Incline Dumbbell Curls,Curl inclinado con mancuernas para flexores,,yes
exercisedb_v1:neonEDL,Floor Fly (with Barbell),Aperturas en el suelo con barra,,yes
free_exercise_db:Floor_Glute-Ham_Raise,Floor Glute-Ham Raise,Elevación de glúteo e isquiotibial en el suelo,,yes
free_exercise_db:Floor_Press,Floor Press,Press en el suelo con barra,,yes
free_exercise_db:Floor_Press_with_Chains,Floor Press with Chains,Press en el suelo con cadenas,,yes
exercisedb_v1:7858za8,Fluid Dumbbell Step-up Lunge,Subida al cajón fluida con mancuernas,,yes
free_exercise_db:Flutter_Kicks,Flutter Kicks,Patadas de tijera en banco,,yes
exercisedb_v1:UVo2Qs2,Flutter Kicks,Patadas de aleteo,,yes
free_exercise_db:Foot-SMR,Foot-SMR,Liberación miofascial del pie con rodillo,,yes
free_exercise_db:Forward_Drag_with_Press,Forward Drag with Press,Arrastre de trineo hacia adelante con press,,yes
exercisedb_v1:uZKq7lo,Forward Jump,Salto hacia adelante,,yes
exercisedb_v1:kMzUs9Y,Forward Lunge (male),Zancada frontal,,yes
exercisedb_v1:Ql4g5s8,Forward Lunge (male) With Bench,Zancada frontal con banco,,yes
free_exercise_db:Frankenstein_Squat,Frankenstein Squat,Sentadilla Frankenstein,,yes
exercisedb_v1:bdWcbaU,Frankenstein Squat,Sentadilla Frankenstein con barra,,yes
free_exercise_db:Freehand_Jump_Squat,Freehand Jump Squat,Sentadilla con salto sin peso,,yes
exercisedb_v1:FFRP97T,Frog Crunch,Crunch rana,,yes
free_exercise_db:Frog_Hops,Frog Hops,Saltos de rana,,yes
exercisedb_v1:rQhGcin,Frog Planche,Planche rana,,yes
free_exercise_db:Frog_Sit-Ups,Frog Sit-Ups,Abdominal rana,,yes
free_exercise_db:Front_Barbell_Squat,Front Barbell Squat,Sentadilla frontal con barra,,yes
free_exercise_db:Front_Barbell_Squat_To_A_Bench,Front Barbell Squat To A Bench,Sentadilla frontal con barra al banco,,yes
free_exercise_db:Front_Box_Jump,Front Box Jump,Salto frontal al cajón,,yes
free_exercise_db:Front_Cable_Raise,Front Cable Raise,Elevación frontal en polea,,yes
free_exercise_db:Front_Cone_Hops_or_hurdle_hops,Front Cone Hops (or hurdle hops),Saltos frontales sobre conos (o sobre vallas),,yes
free_exercise_db:Front_Dumbbell_Raise,Front Dumbbell Raise,Elevación frontal alterna con mancuernas,,yes
free_exercise_db:Front_Incline_Dumbbell_Raise,Front Incline Dumbbell Raise,Elevación frontal con mancuernas en banco inclinado,,yes
free_exercise_db:Front_Leg_Raises,Front Leg Raises,Elevación frontal de pierna,,yes
exercisedb_v1:PkCN2lv,Front Lever,Front lever,,yes
exercisedb_v1:hbY9wqG,Front Lever Reps,Repeticiones de front lever,,yes
exercisedb_v1:CosupLu,Front Plank With Twist,Plancha frontal con giro,,yes
free_exercise_db:Front_Plate_Raise,Front Plate Raise,Elevación frontal con disco,,yes
free_exercise_db:Front_Raise_And_Pullover,Front Raise And Pullover,Elevación frontal y pullover con barra,,yes
free_exercise_db:Front_Squat_Clean_Grip,Front Squat (Clean Grip),Sentadilla frontal con agarre de cargada,,yes
free_exercise_db:Front_Squats_With_Two_Kettlebells,Front Squats With Two Kettlebells,Sentadilla frontal con dos pesas rusas,,yes
free_exercise_db:Front_Two-Dumbbell_Raise,Front Two-Dumbbell Raise,Elevación frontal con mancuernas,,yes
exercisedb_v1:YRaCa5Y,Full Maltese,Maltese completo,,yes
exercisedb_v1:YZ4961r,Full Planche,Planche completo,,yes
exercisedb_v1:gw9PqGk,Full Planche Push-up,Flexión en planche completo,,yes
free_exercise_db:Full_Range-Of-Motion_Lat_Pulldown,Full Range-Of-Motion Lat Pulldown,Jalón al pecho con recorrido completo,,yes
exercisedb_v1:4QqYaJW,Gentle Prone Twist On Stability Ball,Giro boca abajo en fitball (suave),,yes
exercisedb_v1:0MlxeMn,Gentle Style Cable Pulldown (pro Lat Bar),Jalón suave en polea con barra pro lat,,yes
exercisedb_v1:vocve3e,Gentle Style Dumbbell One Leg Fly On Exercise Ball,Aperturas suaves a una pierna con mancuernas en fitball,,yes
exercisedb_v1:IL0JUxR,Gironda Sternum Chin,Dominada al esternón de Gironda,,yes
free_exercise_db:Gironda_Sternum_Chins,Gironda Sternum Chins,Dominada al esternón de Gironda,,yes
exercisedb_v1:GibBPPg,Glute Bridge March,Puente de glúteos con marcha,,yes
exercisedb_v1:aWedzZX,Glute Bridge Two Legs On Bench (male),Puente de glúteos con las dos piernas en el banco,,yes
free_exercise_db:Glute_Ham_Raise,Glute Ham Raise,Curl nórdico en máquina GHD,,yes
free_exercise_db:Glute_Kickback,Glute Kickback,Patada de glúteo,,yes
exercisedb_v1:Vvwjz6N,Glute-ham Raise,Elevación de glúteo e isquiotibial,,yes
free_exercise_db:Goblet_Squat,Goblet Squat,Sentadilla goblet,,yes
free_exercise_db:Good_Morning,Good Morning,Buenos días con barra,,yes
free_exercise_db:Good_Morning_off_Pins,Good Morning off Pins,Buenos días desde los pines con barra,,yes
exercisedb_v1:bmwlYvD,Gorilla Chin,Dominada gorila,,yes
free_exercise_db:Gorilla_Chin_Crunch,Gorilla Chin/Crunch,Dominada supina con crunch,,yes
exercisedb_v1:mWppALS,Groin Crunch,Crunch de ingle,,yes
free_exercise_db:Groin_and_Back_Stretch,Groin and Back Stretch,Estiramiento de ingle y espalda,,yes
free_exercise_db:Groiners,Groiners,Groiners,,yes
exercisedb_v1:2ORFMoR,Hack Calf Raise,Elevación de talones en máquina hack,,yes
exercisedb_v1:AxFoqAD,Hack One Leg Calf Raise,Elevación de talones a una pierna en máquina hack,,yes
free_exercise_db:Hack_Squat,Hack Squat,Sentadilla hack en máquina,,yes
exercisedb_v1:ia6kIIl,Half Knee Bends (male),Media sentadilla,,yes
exercisedb_v1:v6EKk0O,Half Knee Bends (male) With Blunt,Media sentadilla con control firme,,yes
exercisedb_v1:iQ241UP,Half Sit-up (male),Medio abdominal,,yes
free_exercise_db:Hammer_Curls,Hammer Curls,Curl martillo con mancuernas,,yes
free_exercise_db:Hammer_Grip_Incline_DB_Bench_Press,Hammer Grip Incline DB Bench Press,Press de banca inclinado con mancuernas y agarre martillo,,yes
free_exercise_db:Hamstring_Stretch,Hamstring Stretch,Estiramiento de isquiotibiales,,yes
exercisedb_v1:99rWm7w,Hamstring Stretch,Estiramiento de isquiotibiales,,yes
free_exercise_db:Hamstring-SMR,Hamstring-SMR,Automasaje con rodillo de isquiotibiales,,yes
exercisedb_v1:pAIWRGu,Hands Bike,Bicicleta de brazos,,yes
exercisedb_v1:B5xca8s,Hands Clasped Circular Toe Touch (male),Toque circular de puntas del pie con las manos entrelazadas,,yes
exercisedb_v1:yq3GAJX,Hands Reversed Clasped Circular Toe Touch (male),Toque circular de puntas del pie con las manos entrelazadas por detrás,,yes
exercisedb_v1:XooAdhl,Handstand,Parada de manos,,yes
free_exercise_db:Handstand_Push-Ups,Handstand Push-Ups,Flexiones en pino,,yes
exercisedb_v1:rQxwMxO,Handstand Push-up,Flexión en parada de manos,,yes
free_exercise_db:Hang_Clean,Hang Clean,Cargada colgante con barra,,yes
free_exercise_db:Hang_Clean_-_Below_the_Knees,Hang Clean - Below the Knees,Cargada colgante por debajo de las rodillas,,yes
free_exercise_db:Hang_Snatch,Hang Snatch,Arranque colgante con barra,,yes
free_exercise_db:Hang_Snatch_-_Below_Knees,Hang Snatch - Below Knees,Arranque colgante desde debajo de las rodillas con barra,,yes
free_exercise_db:Hanging_Bar_Good_Morning,Hanging Bar Good Morning,Buenos días con barra suspendida,,yes
exercisedb_v1:VEcJRo2,Hanging Leg Hip Raise,Elevación de piernas y cadera colgado,,yes
free_exercise_db:Hanging_Leg_Raise,Hanging Leg Raise,Elevación de piernas colgado,,yes
exercisedb_v1:I3tsCnC,Hanging Leg Raise,Elevación de piernas colgado,,yes
exercisedb_v1:BaE7O6U,Hanging Oblique Knee Raise,Elevación oblicua de rodillas colgado,,yes
free_exercise_db:Hanging_Pike,Hanging Pike,Pica colgado,,yes
exercisedb_v1:nuBF9MO,Hanging Pike,Pica colgado,,yes
exercisedb_v1:Sa8mzWc,Hanging Pike Weak,Pica colgado con control débil,,yes
exercisedb_v1:gdPIyyO,Hanging Pike With Intense,Pica colgado intenso,,yes
exercisedb_v1:pj0X0tF,Hanging Straight Leg Hip Raise,Elevación de cadera con piernas rectas colgado,,yes
exercisedb_v1:4Ml7QFO,Hanging Straight Leg Raise,Elevación de piernas rectas colgado,,yes
exercisedb_v1:6vcvsLS,Hanging Straight Leg Raise With Elevated,Elevación de piernas rectas colgado elevada,,yes
exercisedb_v1:Q6bvyen,Hanging Straight Twisting Leg Hip Raise,Elevación de cadera con piernas rectas y giro colgado,,yes
exercisedb_v1:WFucoe6,Hanging Straight Twisting Leg Hip Raise With Compound,Elevación de cadera con piernas rectas y giro colgado compuesta,,yes
free_exercise_db:Heaving_Snatch_Balance,Heaving Snatch Balance,Snatch balance con impulso,,yes
free_exercise_db:Heavy_Bag_Thrust,Heavy Bag Thrust,Empuje de saco pesado,,yes
free_exercise_db:High_Cable_Curls,High Cable Curls,Curl en polea alta,,yes
exercisedb_v1:ealLwvX,High Knee Against Wall,Rodillas altas contra la pared,,yes
exercisedb_v1:gMyx3Qn,High Style Scapula Push-up,Flexión escapular en plancha alta,,yes
free_exercise_db:Hip_Circles_prone,Hip Circles (prone),Círculos de cadera boca abajo,,yes
free_exercise_db:Hip_Extension_with_Bands,Hip Extension with Bands,Extensión de cadera con banda elástica,,yes
free_exercise_db:Hip_Flexion_with_Band,Hip Flexion with Band,Flexión de cadera con banda elástica,,yes
free_exercise_db:Hip_Lift_with_Band,Hip Lift with Band,Elevación de cadera con banda elástica,,yes
exercisedb_v1:196HJGw,Hip Raise (bent Knee),Elevación de cadera (rodillas flexionadas),,yes
exercisedb_v1:xmWQIlT,Hold Style Dumbbell Alternating Seated Bicep Curl On Exercise Ball,Curl de bíceps alterno sentado en fitball con mancuernas,,yes
exercisedb_v1:gWcZD4q,Horizontal Dumbbell Standing Alternate Overhead Press,Press por encima de la cabeza alterno horizontal de pie con mancuernas,,yes
free_exercise_db:Hug_A_Ball,Hug A Ball,Abrazo al fitball,,yes
exercisedb_v1:znP9SIh,Hug Keens To Chest,Abrazo de rodillas al pecho,,yes
free_exercise_db:Hug_Knees_To_Chest,Hug Knees To Chest,Abrazo de rodillas al pecho,,yes
free_exercise_db:Hurdle_Hops,Hurdle Hops,Saltos sobre vallas,,yes
exercisedb_v1:P9ZRyLT,Hyght Dumbbell Fly,Aperturas Hyght con mancuernas,,yes
exercisedb_v1:zhMwOwE,Hyperextension,Hiperextensión,,yes
exercisedb_v1:zkgRrbK,Hyperextension (on Bench),Hiperextensión en banco,,yes
free_exercise_db:Hyperextensions_Back_Extensions,Hyperextensions (Back Extensions),Hiperextensiones (extensiones de espalda),,yes
free_exercise_db:Hyperextensions_With_No_Hyperextension_Bench,Hyperextensions With No Hyperextension Bench,Hiperextensiones sin banco de hiperextensiones,,yes
free_exercise_db:IT_Band_and_Glute_Stretch,IT Band and Glute Stretch,Estiramiento de banda iliotibial y glúteo,,yes
free_exercise_db:Iliotibial_Tract-SMR,Iliotibial Tract-SMR,Automasaje con rodillo de la banda iliotibial,,yes
exercisedb_v1:05Cf2v8,Impossible Dips,Fondos imposibles,,yes
exercisedb_v1:O3INw8V,Improved Sphinx,Plancha esfinge mejorada,,yes
free_exercise_db:Inchworm,Inchworm,Gusano,,yes
exercisedb_v1:ZgsNQ6d,Inchworm,Gusano,,yes
exercisedb_v1:TV87DNB,Inchworm V. 2,Gusano con caminata de pies,,yes
free_exercise_db:Incline_Barbell_Triceps_Extension,Incline Barbell Triceps Extension,Extensión de tríceps con barra en banco inclinado,,yes
free_exercise_db:Incline_Bench_Pull,Incline Bench Pull,Remo boca abajo en banco inclinado con mancuernas,,yes
free_exercise_db:Incline_Cable_Chest_Press,Incline Cable Chest Press,Press de pecho inclinado en polea,,yes
free_exercise_db:Incline_Cable_Flye,Incline Cable Flye,Aperturas inclinadas en polea,,yes
exercisedb_v1:1YB40kg,Incline Close-grip Push-up,Flexión inclinada con agarre cerrado,,yes
free_exercise_db:Incline_Dumbbell_Bench_With_Palms_Facing_In,Incline Dumbbell Bench With Palms Facing In,Press de banca inclinado con mancuernas y palmas enfrentadas,,yes
free_exercise_db:Incline_Dumbbell_Curl,Incline Dumbbell Curl,Curl inclinado con mancuernas,,yes
free_exercise_db:Incline_Dumbbell_Flyes,Incline Dumbbell Flyes,Aperturas inclinadas con mancuernas,,yes
free_exercise_db:Incline_Dumbbell_Flyes_-_With_A_Twist,Incline Dumbbell Flyes - With A Twist,Aperturas inclinadas con mancuernas y giro,,yes
free_exercise_db:Incline_Dumbbell_Press,Incline Dumbbell Press,Press inclinado con mancuernas,,yes
free_exercise_db:Incline_Hammer_Curls,Incline Hammer Curls,Curl martillo inclinado con mancuernas,,yes
free_exercise_db:Incline_Inner_Biceps_Curl,Incline Inner Biceps Curl,Curl inclinado en abducción con mancuernas,,yes
exercisedb_v1:eVxAzgz,Incline Leg Hip Raise (leg Straight),Elevación de piernas y cadera en banco inclinado (piernas rectas),,yes
exercisedb_v1:CB8WET1,Incline Push Up Depth Jump,Flexión inclinada con salto de profundidad,,yes
exercisedb_v1:EpKrFiv,Incline Push Up Depth Jump With Complex,Flexión inclinada con salto de profundidad complejo,,yes
free_exercise_db:Incline_Push-Up,Incline Push-Up,Flexión inclinada,,yes
free_exercise_db:Incline_Push-Up_Close-Grip,Incline Push-Up Close-Grip,Flexión inclinada con agarre cerrado,,yes
free_exercise_db:Incline_Push-Up_Depth_Jump,Incline Push-Up Depth Jump,Flexión inclinada con salto en profundidad,,yes
free_exercise_db:Incline_Push-Up_Medium,Incline Push-Up Medium,Flexión inclinada con agarre medio,,yes
free_exercise_db:Incline_Push-Up_Reverse_Grip,Incline Push-Up Reverse Grip,Flexión inclinada con agarre invertido,,yes
free_exercise_db:Incline_Push-Up_Wide,Incline Push-Up Wide,Flexión inclinada con agarre abierto,,yes
exercisedb_v1:B1EVP9F,Incline Push-up,Flexión inclinada,,yes
exercisedb_v1:F7vjXqT,Incline Push-up (on Box),Flexión inclinada en cajón,,yes
exercisedb_v1:woLo1QN,Incline Push-up (on Box) - Active Variation,Flexión inclinada en cajón (variante activa),,yes
exercisedb_v1:XaaRnRn,Incline Reverse Grip Push-up,Flexión inclinada con agarre invertido,,yes
exercisedb_v1:GdMa1ET,Incline Scapula Push Up,Flexión escapular inclinada,,yes
exercisedb_v1:9ZGZuOD,Incline Twisting Sit-up,Abdominal con giro en banco inclinado,,yes
exercisedb_v1:vpleANJ,Inclined Style Pelvic Tilt Into Bridge,Inclinación pélvica a puente inclinado,,yes
exercisedb_v1:oMwyl17,Intense Barbell Straight Leg Deadlift,Peso muerto intenso a piernas rectas con barra,,yes
exercisedb_v1:u3UuCZu,Intense Kettlebell Two Arm Row,Remo intenso a dos manos con pesas rusas,,yes
exercisedb_v1:o80Xu9C,Intensified Style Kettlebell Extended Range One Arm Press On Floor,Press en el suelo a una mano con pesa rusa en rango extendido (estilo intensificado),,yes
free_exercise_db:Intermediate_Groin_Stretch,Intermediate Groin Stretch,Estiramiento de ingle intermedio,,yes
exercisedb_v1:tFGKm99,Intermediate Hip Flexor And Quad Stretch,Estiramiento intermedio de flexor de cadera y cuádriceps,,yes
free_exercise_db:Intermediate_Hip_Flexor_and_Quad_Stretch,Intermediate Hip Flexor and Quad Stretch,Estiramiento intermedio de flexor de cadera y cuádriceps,,yes
exercisedb_v1:QQwxa8g,Intermediate Style Dumbbell Preacher Curl Over Exercise Ball,Curl predicador sobre fitball con mancuerna a una mano,,yes
exercisedb_v1:tuIZFDt,Intermediate Style Kneeling Plank Tap Shoulder (male),Plancha de rodillas con toque de hombro (estilo intermedio),,yes
free_exercise_db:Internal_Rotation_with_Band,Internal Rotation with Band,Rotación interna con banda elástica,,yes
exercisedb_v1:ms7tjSG,Inverse Leg Curl (bench Support),Curl femoral inverso con apoyo en banco,,yes
exercisedb_v1:0rHfvy9,Inverse Leg Curl (on Pull-up Cable Machine),Curl femoral inverso en máquina de poleas de dominadas,,yes
free_exercise_db:Inverted_Row,Inverted Row,Remo invertido,,yes
exercisedb_v1:bZGHsAZ,Inverted Row,Remo invertido,,yes
exercisedb_v1:VPPtusI,Inverted Row Bent Knees,Remo invertido con rodillas flexionadas,,yes
exercisedb_v1:Mxa7Cr8,Inverted Row On Bench,Remo invertido en banco,,yes
exercisedb_v1:uX3sUBz,Inverted Row V. 2,Remo invertido,,yes
exercisedb_v1:jdiExfW,Inverted Row With Straps,Remo invertido con correas,,yes
free_exercise_db:Inverted_Row_with_Straps,Inverted Row with Straps,Remo invertido con correas de suspensión,,yes
exercisedb_v1:fjjY3N4,Inverted Style Inverse Leg Curl (on Pull-up Cable Machine),Curl femoral inverso invertido en máquina de poleas de dominadas,,yes
exercisedb_v1:MRaFiZP,Inverted Style Smith Seated Shoulder Press,Press de hombros sentado en máquina Smith estilo invertido,,yes
free_exercise_db:Iron_Cross,Iron Cross,Iron cross,,yes
exercisedb_v1:pZwUsKB,Iron Cross Stretch,Estiramiento iron cross,,yes
exercisedb_v1:p5v6rdT,Iron Cross Stretch - Deep Variation,Estiramiento iron cross profundo,,yes
free_exercise_db:Iron_Crosses_stretch,Iron Crosses (stretch),Cruces de hierro (estiramiento),,yes
exercisedb_v1:Aj9vWh7,Isolation Assisted Seated Pectoralis Major Stretch With Stability Ball,Estiramiento aislado del pectoral mayor sentado con fitball asistido,,yes
exercisedb_v1:HbSG1Pw,Isometric Chest Squeeze,Contracción isométrica de pecho,,yes
free_exercise_db:Isometric_Chest_Squeezes,Isometric Chest Squeezes,Contracciones isométricas de pecho,,yes
free_exercise_db:Isometric_Neck_Exercise_-_Front_And_Back,Isometric Neck Exercise - Front And Back,Ejercicio isométrico de cuello - adelante y atrás,,yes
free_exercise_db:Isometric_Neck_Exercise_-_Sides,Isometric Neck Exercise - Sides,Ejercicio isométrico de cuello - laterales,,yes
free_exercise_db:Isometric_Wipers,Isometric Wipers,Limpiaparabrisas isométricos,,yes
exercisedb_v1:11wrviz,Isometric Wipers,Limpiaparabrisas isométrico,,yes
free_exercise_db:JM_Press,JM Press,Press JM,,yes
exercisedb_v1:mr7pkqP,Jack Burpee,Burpee con salto de tijera,,yes
exercisedb_v1:1g5bPpA,Jack Jump (male),Salto de tijera,,yes
free_exercise_db:Jackknife_Sit-Up,Jackknife Sit-Up,Abdominal navaja,,yes
exercisedb_v1:mbkgB44,Jackknife Sit-up,Abdominal navaja,,yes
free_exercise_db:Janda_Sit-Up,Janda Sit-Up,Abdominal Janda,,yes
exercisedb_v1:1GPHRyK,Janda Sit-up,Abdominal Janda,,yes
free_exercise_db:Jefferson_Squats,Jefferson Squats,Sentadilla Jefferson,,yes
free_exercise_db:Jerk_Balance,Jerk Balance,Jerk balance con barra,,yes
free_exercise_db:Jerk_Dip_Squat,Jerk Dip Squat,Dip de envión con barra,,yes
free_exercise_db:Jogging_Treadmill,"Jogging, Treadmill",Trote en cinta de correr,,yes
exercisedb_v1:e1e76I2,Jump Rope,Saltar la cuerda,,yes
exercisedb_v1:LIlE5Tn,Jump Squat,Sentadilla con salto,,yes
exercisedb_v1:TDYiji6,Jump Squat V. 2,Sentadilla con salto,,yes
free_exercise_db:Keg_Load,Keg Load,Carga de barriles,,yes
exercisedb_v1:Kal9cQQ,Kettlebell Advanced Windmill,Molino avanzado con pesa rusa,,yes
exercisedb_v1:I4tibZG,Kettlebell Alternating Hang Clean,Cargada colgante alterna con pesas rusas,,yes
exercisedb_v1:5KLbZWx,Kettlebell Alternating Press,Press alterno con pesas rusas,,yes
exercisedb_v1:7w6i0vE,Kettlebell Alternating Press On Floor,Press alterno en el suelo con pesas rusas,,yes
exercisedb_v1:b9kqlBy,Kettlebell Alternating Renegade Row,Remo renegado alterno con pesas rusas,,yes
exercisedb_v1:Ca76jUE,Kettlebell Alternating Row,Remo alterno con pesas rusas,,yes
free_exercise_db:Kettlebell_Arnold_Press,Kettlebell Arnold Press,Press Arnold con pesa rusa,,yes
exercisedb_v1:UM8mgyG,Kettlebell Arnold Press,Press Arnold con pesas rusas,,yes
exercisedb_v1:Mr8d4KA,Kettlebell Arnold Press - Beginner Variation,Press Arnold con pesas rusas - variante para principiantes,,yes
exercisedb_v1:kjE55n5,Kettlebell Bent Press,Bent press con pesa rusa,,yes
exercisedb_v1:4KJEpzb,Kettlebell Bottoms Up Clean From The Hang Position,Cargada colgante bottoms up con pesa rusa,,yes
free_exercise_db:Kettlebell_Dead_Clean,Kettlebell Dead Clean,Cargada desde el suelo con pesa rusa,,yes
exercisedb_v1:a4F9Oyc,Kettlebell Double Alternating Hang Clean,Cargada colgante alterna con dos pesas rusas,,yes
exercisedb_v1:tznL2Ad,Kettlebell Double Jerk,Envión doble con pesas rusas,,yes
exercisedb_v1:I4KkPdl,Kettlebell Double Push Press,Push press doble con pesas rusas,,yes
exercisedb_v1:M74kdvm,Kettlebell Double Snatch,Arranque doble con pesas rusas,,yes
exercisedb_v1:OaE7CpD,Kettlebell Double Windmill,Molino doble con pesa rusa,,yes
exercisedb_v1:rseLfH3,Kettlebell Extended Range One Arm Press On Floor,Press en el suelo a una mano con pesa rusa en rango extendido,,yes
free_exercise_db:Kettlebell_Figure_8,Kettlebell Figure 8,Figura de ocho con pesa rusa,,yes
exercisedb_v1:L4ay0PW,Kettlebell Figure 8,Figura 8 con pesa rusa,,yes
exercisedb_v1:DB0n8AG,Kettlebell Front Squat,Sentadilla frontal con pesa rusa,,yes
exercisedb_v1:ZA8b5hc,Kettlebell Goblet Squat,Sentadilla goblet con pesa rusa,,yes
free_exercise_db:Kettlebell_Halo,Kettlebell Halo,Halo con pesa rusa,,yes
free_exercise_db:Kettlebell_Halo_With_Overhead_Extension,Kettlebell Halo with Overhead Extension,Halo con pesa rusa y extensión por encima de la cabeza,,yes
free_exercise_db:Kettlebell_Hang_Clean,Kettlebell Hang Clean,Cargada colgante con pesa rusa,,yes
exercisedb_v1:LHWF7us,Kettlebell Hang Clean,Cargada colgante con pesa rusa,,yes
exercisedb_v1:WKMQzCD,Kettlebell Lunge Pass Through,Zancada con pase de pesa rusa,,yes
exercisedb_v1:vzAxBtt,Kettlebell One Arm Clean And Jerk,Dos tiempos con pesa rusa a una mano,,yes
exercisedb_v1:rg59QCH,Kettlebell One Arm Floor Press,Press en el suelo con pesa rusa a una mano,,yes
exercisedb_v1:S37C94C,Kettlebell One Arm Jerk,Envión con pesa rusa a una mano,,yes
exercisedb_v1:yCvYdi7,Kettlebell One Arm Military Press To The Side,Press militar lateral con pesa rusa a una mano,,yes
exercisedb_v1:osdXT3K,Kettlebell One Arm Push Press,Push press con pesa rusa a una mano,,yes
exercisedb_v1:g9AsZ8P,Kettlebell One Arm Row,Remo con pesa rusa a una mano,,yes
exercisedb_v1:aXcUyKb,Kettlebell One Arm Snatch,Arranque con pesa rusa a una mano,,yes
free_exercise_db:Kettlebell_One-Legged_Deadlift,Kettlebell One-Legged Deadlift,Peso muerto a una pierna con pesa rusa,,yes
free_exercise_db:Kettlebell_Overhead_Triceps_Extension,Kettlebell Overhead Triceps Extension,Extensión de tríceps por encima de la cabeza con pesa rusa,,yes
free_exercise_db:Kettlebell_Pass_Between_The_Legs,Kettlebell Pass Between The Legs,Pase de pesa rusa entre las piernas,,yes
free_exercise_db:Kettlebell_Pirate_Ships,Kettlebell Pirate Ships,Barcos piratas con pesa rusa,,yes
exercisedb_v1:kuXhl0o,Kettlebell Pirate Supper Legs,Press pirata con pesa rusa a una mano,,yes
free_exercise_db:Kettlebell_Pistol_Squat,Kettlebell Pistol Squat,Sentadilla pistol con pesa rusa,,yes
exercisedb_v1:5bpPTHv,Kettlebell Pistol Squat,Sentadilla pistol con pesa rusa,,yes
exercisedb_v1:ktf3nvW,Kettlebell Plyo Push-up,Flexión pliométrica con pesas rusas,,yes
free_exercise_db:Kettlebell_Seated_Press,Kettlebell Seated Press,Press sentado con pesa rusa,,yes
exercisedb_v1:BkxB8LW,Kettlebell Seated Press,Press sentado con pesas rusas,,yes
exercisedb_v1:89HVjEp,Kettlebell Seated Press With High,Press sentado alto con pesas rusas,,yes
exercisedb_v1:ZEkjZDi,Kettlebell Seated Two Arm Military Press,Press militar sentado con pesas rusas a dos manos,,yes
free_exercise_db:Kettlebell_Seesaw_Press,Kettlebell Seesaw Press,Press balancín con pesas rusas,,yes
exercisedb_v1:UDm6cGl,Kettlebell Seesaw Press,Press alterno con pesas rusas,,yes
free_exercise_db:Kettlebell_Sumo_High_Pull,Kettlebell Sumo High Pull,Tirón alto sumo con pesa rusa,,yes
exercisedb_v1:8ARQ9Hw,Kettlebell Sumo High Pull,Tirón alto sumo con pesa rusa,,yes
exercisedb_v1:UHJlbu3,Kettlebell Swing,Swing con pesa rusa,,yes
free_exercise_db:Kettlebell_Thruster,Kettlebell Thruster,Thruster con pesas rusas,,yes
exercisedb_v1:yWxMvB5,Kettlebell Thruster,Thruster con pesa rusa,,yes
exercisedb_v1:Ha7SZ3y,Kettlebell Turkish Get Up (squat Style),Levantamiento turco con pesa rusa (estilo sentadilla),,yes
free_exercise_db:Kettlebell_Turkish_Get-Up_Lunge_style,Kettlebell Turkish Get-Up (Lunge style),Turkish get-up con pesa rusa (estilo zancada),,yes
free_exercise_db:Kettlebell_Turkish_Get-Up_Squat_style,Kettlebell Turkish Get-Up (Squat style),Turkish get-up con pesa rusa (estilo sentadilla),,yes
exercisedb_v1:7Ba7bQ2,Kettlebell Two Arm Clean,Cargada con pesa rusa a dos manos,,yes
exercisedb_v1:blBXysN,Kettlebell Two Arm Military Press,Press militar con pesas rusas a dos manos,,yes
exercisedb_v1:wf24o8S,Kettlebell Two Arm Row,Remo a dos manos con pesas rusas,,yes
free_exercise_db:Kettlebell_Windmill,Kettlebell Windmill,Molino con pesa rusa,,yes
exercisedb_v1:9Tkqa9O,Kettlebell Windmill,Molino con pesa rusa,,yes
exercisedb_v1:v7p5bYl,Kick Out Sit,Extensión de piernas sentado en banco,,yes
free_exercise_db:Kipping_Muscle_Up,Kipping Muscle Up,Muscle up con kipping,,yes
exercisedb_v1:pM07UxU,Kipping Muscle Up,Muscle up con kipping,,yes
exercisedb_v1:znf7t8E,Kipping Muscle Up With Triple,Muscle up con kipping triple,,yes
free_exercise_db:Knee_Across_The_Body,Knee Across The Body,Rodilla cruzada sobre el cuerpo,,yes
free_exercise_db:Knee_Circles,Knee Circles,Círculos de rodillas,,yes
exercisedb_v1:dTg95eZ,Knee Touch Crunch,Crunch con toque de rodilla,,yes
free_exercise_db:Knee_Tuck_Jump,Knee Tuck Jump,Salto con rodillas al pecho,,yes
free_exercise_db:Knee_Hip_Raise_On_Parallel_Bars,Knee/Hip Raise On Parallel Bars,Elevación de rodillas/cadera en paralelas,,yes
free_exercise_db:Kneeling_Arm_Drill,Kneeling Arm Drill,Ejercicio de braceo de rodillas,,yes
free_exercise_db:Kneeling_Cable_Crunch_With_Alternating_Oblique_Twists,Kneeling Cable Crunch With Alternating Oblique Twists,Crunch de rodillas en polea con giros alternos de oblicuos,,yes
free_exercise_db:Kneeling_Cable_Triceps_Extension,Kneeling Cable Triceps Extension,Extensión de tríceps de rodillas en polea,,yes
free_exercise_db:Kneeling_Forearm_Stretch,Kneeling Forearm Stretch,Estiramiento de antebrazos de rodillas,,yes
free_exercise_db:Kneeling_High_Pulley_Row,Kneeling High Pulley Row,Remo en polea alta de rodillas,,yes
free_exercise_db:Kneeling_Hip_Flexor,Kneeling Hip Flexor,Estiramiento de flexor de cadera de rodillas,,yes
free_exercise_db:Kneeling_Jump_Squat,Kneeling Jump Squat,Sentadilla con salto de rodillas con barra,,yes
exercisedb_v1:UgDm3oy,Kneeling Jump Squat,Sentadilla con salto de rodillas con barra,,yes
exercisedb_v1:f38OEuO,Kneeling Lat Stretch,Estiramiento de dorsales de rodillas,,yes
exercisedb_v1:h1ezqSu,Kneeling Plank Tap Shoulder (male),Plancha de rodillas con toque de hombro,,yes
exercisedb_v1:ZOuKWir,Kneeling Push-up (male),Flexión de rodillas,,yes
free_exercise_db:Kneeling_Single-Arm_High_Pulley_Row,Kneeling Single-Arm High Pulley Row,Remo en polea alta de rodillas a una mano,,yes
free_exercise_db:Kneeling_Squat,Kneeling Squat,Sentadilla de rodillas con barra,,yes
exercisedb_v1:rWoBmi5,Korean Dips,Fondos coreanos,,yes
exercisedb_v1:d1GgzTU,L-pull-up,Dominada en L,,yes
exercisedb_v1:UpWmA5E,L-sit On Floor,L-sit en el suelo,,yes
exercisedb_v1:QYysSLV,Landmine 180,Landmine 180,,yes
free_exercise_db:Landmine_180s,Landmine 180's,Landmine 180°,,yes
exercisedb_v1:eXMFHww,Landmine Lateral Raise,Elevación lateral en landmine,,yes
free_exercise_db:Landmine_Linear_Jammer,Landmine Linear Jammer,Jammer lineal en landmine,,yes
free_exercise_db:Lateral_Bound,Lateral Bound,Salto lateral,,yes
free_exercise_db:Lateral_Box_Jump,Lateral Box Jump,Salto lateral al cajón,,yes
free_exercise_db:Lateral_Cone_Hops,Lateral Cone Hops,Saltos laterales sobre conos,,yes
free_exercise_db:Lateral_Raise_-_With_Bands,Lateral Raise - With Bands,Elevación lateral con banda elástica,,yes
free_exercise_db:Latissimus_Dorsi-SMR,Latissimus Dorsi-SMR,Automasaje con rodillo del dorsal ancho,,yes
exercisedb_v1:LYJodFS,Lean Planche,Planche lean,,yes
exercisedb_v1:hoXt6wv,Left Hook. Boxing,Gancho izquierdo (boxeo),,yes
free_exercise_db:Leg_Extensions,Leg Extensions,Extensión de cuádriceps en máquina,,yes
free_exercise_db:Leg_Lift,Leg Lift,Elevación de pierna de pie,,yes
free_exercise_db:Leg_Press,Leg Press,Prensa de piernas,,yes
exercisedb_v1:OyoZ3Pu,Leg Pull In Flat Bench,Encogimiento de piernas sentado en banco plano,,yes
free_exercise_db:Leg_Pull-In,Leg Pull-In,Encogimiento de piernas acostado,,yes
exercisedb_v1:sU5BrfP,Leg Up Hamstring Stretch,Estiramiento de isquiotibiales con pierna elevada,,yes
free_exercise_db:Leg-Over_Floor_Press,Leg-Over Floor Press,Press en el suelo con pesa rusa y pierna cruzada,,yes
free_exercise_db:Leg-Up_Hamstring_Stretch,Leg-Up Hamstring Stretch,Estiramiento de isquiotibiales con pierna elevada,,yes
exercisedb_v1:V07qpXy,Lever Alternate Leg Press,Prensa de piernas alterna en máquina,,yes
exercisedb_v1:w2oRpuH,Lever Alternating Narrow Grip Seated Row,Remo sentado alterno con agarre cerrado en máquina,,yes
exercisedb_v1:MaMuGH6,Lever Assisted Chin-up,Dominada supina asistida en máquina,,yes
exercisedb_v1:N3EirIW,Lever Assisted Chin-up With Twisted,Dominada supina asistida con giro en máquina,,yes
exercisedb_v1:rUXfn3R,Lever Back Extension,Extensión de espalda en máquina,,yes
exercisedb_v1:X3cqyXz,Lever Bent Over Row,Remo inclinado en máquina,,yes
exercisedb_v1:LuBEORI,Lever Bent-over Row With V-bar,Remo inclinado hacia adelante con barra en V en máquina,,yes
exercisedb_v1:q6y3OhV,Lever Bicep Curl,Curl de bíceps en máquina,,yes
exercisedb_v1:7B4F5nZ,Lever Calf Press,Press de pantorrillas en máquina,,yes
exercisedb_v1:DOoWcnA,Lever Chest Press,Press de pecho en máquina,,yes
exercisedb_v1:T0yTjgW,Lever Chest Press,Press de pecho en máquina,,yes
exercisedb_v1:GUT8I22,Lever Deadlift,Peso muerto en máquina,,yes
exercisedb_v1:vsVoPHt,Lever Decline Chest Press,Press de pecho declinado en máquina,,yes
exercisedb_v1:C9LuR4A,Lever Donkey Calf Raise,Elevación de talones tipo burro en máquina,,yes
exercisedb_v1:7F1DVzn,Lever Front Pulldown,Jalón al pecho en máquina,,yes
exercisedb_v1:f91FwXG,Lever Gripless Shrug,Encogimiento de hombros sin agarre en máquina,,yes
exercisedb_v1:cbuFJrn,Lever Gripless Shrug V. 2,Encogimiento de hombros sin agarre en máquina,,yes
exercisedb_v1:mKwcrHn,Lever Gripper Hands,Ejercicio de agarre en máquina,,yes
exercisedb_v1:OAguZoG,Lever Hammer Grip Preacher Curl,Curl predicador en máquina con agarre martillo,,yes
exercisedb_v1:nZZZy9m,Lever High Row,Remo alto en máquina,,yes
exercisedb_v1:OPqShYN,Lever Hip Extension V. 2,Extensión de cadera en máquina,,yes
exercisedb_v1:9KU9TYF,Lever Horizontal One Leg Press,Prensa de piernas horizontal a una pierna,,yes
exercisedb_v1:jHAnWmT,Lever Incline Chest Press,Press de pecho inclinado en máquina,,yes
exercisedb_v1:o17Jfkt,Lever Incline Chest Press V. 2,Press de pecho inclinado en máquina,,yes
exercisedb_v1:nnmCTLN,Lever Kneeling Leg Curl,Curl femoral de rodillas en máquina,,yes
exercisedb_v1:sZOR9EV,Lever Kneeling Twist,Giro de rodillas en máquina,,yes
exercisedb_v1:dRTfGZT,Lever Lateral Raise,Elevación lateral en máquina,,yes
exercisedb_v1:my33uHU,Lever Leg Extension,Extensión de piernas en máquina,,yes
exercisedb_v1:17lJ1kr,Lever Lying Leg Curl,Curl femoral acostado en máquina,,yes
exercisedb_v1:UXpKJoq,Lever Lying Two-one Leg Curl,Curl femoral acostado dos-uno en máquina,,yes
exercisedb_v1:CggQhII,Lever Military Press,Press militar en máquina,,yes
exercisedb_v1:V7rWsT5,Lever Military Press With Strength,Press militar en máquina variante de fuerza,,yes
exercisedb_v1:IGjKj1v,Lever Narrow Grip Seated Row,Remo sentado con agarre cerrado en máquina,,yes
exercisedb_v1:iCPqbki,Lever Narrow Grip Seated Row - Strength Variation,Remo sentado con agarre cerrado en máquina - variante de fuerza,,yes
exercisedb_v1:Fhdtwf3,Lever One Arm Bent Over Row,Remo inclinado en máquina a una mano,,yes
exercisedb_v1:OIFMAp1,Lever One Arm Lateral High Row,Remo alto lateral a una mano en máquina,,yes
exercisedb_v1:tTuZSDT,Lever One Arm Lateral Wide Pulldown,Jalón dorsal abierto a una mano en máquina,,yes
exercisedb_v1:2KGnL6M,Lever One Arm Shoulder Press,Press de hombros a una mano en máquina,,yes
exercisedb_v1:D5yqP2p,Lever Overhand Triceps Dip,Fondo de tríceps con agarre prono en máquina,,yes
exercisedb_v1:b6hQYMb,Lever Preacher Curl,Curl predicador en máquina,,yes
exercisedb_v1:ye84CTU,Lever Preacher Curl V. 2,Curl predicador en máquina,,yes
exercisedb_v1:4U7iLb5,Lever Pullover,Pullover en máquina,,yes
exercisedb_v1:ky8FLU8,Lever Reverse Grip Lateral Pulldown,Jalón dorsal con agarre invertido en máquina,,yes
exercisedb_v1:kj3hy6W,Lever Reverse Grip Preacher Curl,Curl predicador con agarre invertido en máquina,,yes
exercisedb_v1:7y9JIMj,Lever Reverse Grip Preacher Curl With Precision,Curl predicador con agarre invertido en máquina con precisión,,yes
exercisedb_v1:ZqNOWQ6,Lever Reverse Grip Vertical Row,Remo vertical con agarre invertido en máquina,,yes
exercisedb_v1:Krmb3cB,Lever Reverse Hyperextension,Hiperextensión invertida en máquina,,yes
exercisedb_v1:BgljGjd,Lever Reverse T-bar Row,Remo en T invertido en máquina,,yes
exercisedb_v1:MrgP9L6,Lever Rotary Calf,Elevación de talones en máquina rotatoria,,yes
exercisedb_v1:Ie9UGty,Lever Seated Calf Press,Press de pantorrillas sentado en máquina,,yes
exercisedb_v1:bOOdeyc,Lever Seated Calf Raise,Elevación de talones sentado en máquina,,yes
exercisedb_v1:Wgaz7pm,Lever Seated Crunch,Crunch sentado en máquina,,yes
exercisedb_v1:ZnJHhMk,Lever Seated Crunch (chest Pad),Crunch sentado en máquina con apoyo pectoral,,yes
exercisedb_v1:eXFXCY0,Lever Seated Crunch V. 2,Crunch sentado en máquina,,yes
exercisedb_v1:BRImeP8,Lever Seated Dip,Fondo sentado en máquina,,yes
exercisedb_v1:v3xmPAR,Lever Seated Fly,Aperturas sentado en máquina,,yes
exercisedb_v1:XsCcxCC,Lever Seated Good Morning,Buenos días sentado en máquina,,yes
exercisedb_v1:CHpahtl,Lever Seated Hip Abduction,Abducción de cadera sentado en máquina,,yes
exercisedb_v1:oHsrypV,Lever Seated Hip Adduction,Aducción de cadera sentado en máquina,,yes
exercisedb_v1:Zg3XY7P,Lever Seated Leg Curl,Curl femoral sentado en máquina,,yes
exercisedb_v1:PQ2AtC3,Lever Seated Leg Raise Crunch,Crunch con elevación de piernas sentado en máquina,,yes
exercisedb_v1:myfUsKf,Lever Seated Reverse Fly,Aperturas posteriores sentado en máquina,,yes
exercisedb_v1:xiHiJcA,Lever Seated Reverse Fly (parallel Grip),Aperturas posteriores sentado en máquina (agarre paralelo),,yes
exercisedb_v1:7I6LNUG,Lever Seated Row,Remo sentado en máquina,,yes
exercisedb_v1:IeDEXTe,Lever Seated Squat Calf Raise On Leg Press Machine,Elevación de talones sentado en la prensa de piernas,,yes
exercisedb_v1:67n3r98,Lever Shoulder Press,Press de hombros en máquina,,yes
exercisedb_v1:vqsbmL0,Lever Shoulder Press V. 2,Press de hombros en máquina,,yes
exercisedb_v1:dNFYIU1,Lever Shoulder Press V. 3,Press de hombros en máquina,,yes
exercisedb_v1:ZZKbeMw,Lever Shrug,Encogimiento de hombros en máquina,,yes
exercisedb_v1:ykUOVze,Lever Standing Calf Raise,Elevación de talones de pie en máquina,,yes
exercisedb_v1:WbNq5Xu,Lever Standing Chest Press,Press de pecho de pie en máquina,,yes
exercisedb_v1:aaXr7ld,Lever T Bar Row,Remo en T en máquina,,yes
exercisedb_v1:FVM1AUZ,Lever T-bar Reverse Grip Row,Remo en T con agarre invertido en máquina,,yes
exercisedb_v1:Ser9eQp,Lever Triceps Extension,Extensión de tríceps en máquina,,yes
exercisedb_v1:oROuvrX,Lever Unilateral Row,Remo unilateral en máquina,,yes
free_exercise_db:Leverage_Chest_Press,Leverage Chest Press,Press de pecho en máquina,,yes
free_exercise_db:Leverage_Deadlift,Leverage Deadlift,Peso muerto en máquina,,yes
free_exercise_db:Leverage_Decline_Chest_Press,Leverage Decline Chest Press,Press de pecho declinado en máquina,,yes
free_exercise_db:Leverage_High_Row,Leverage High Row,Remo alto en máquina,,yes
free_exercise_db:Leverage_Incline_Chest_Press,Leverage Incline Chest Press,Press de pecho inclinado en máquina,,yes
free_exercise_db:Leverage_Iso_Row,Leverage Iso Row,Remo isolateral en máquina,,yes
free_exercise_db:Leverage_Shoulder_Press,Leverage Shoulder Press,Press de hombros en máquina,,yes
free_exercise_db:Leverage_Shrug,Leverage Shrug,Encogimiento de hombros en máquina,,yes
exercisedb_v1:numr601,Light Lever Standing Chest Press,Press de pecho de pie en máquina con carga ligera,,yes
free_exercise_db:Linear_3-Part_Start_Technique,Linear 3-Part Start Technique,Técnica de salida lineal en 3 partes,,yes
free_exercise_db:Linear_Acceleration_Wall_Drill,Linear Acceleration Wall Drill,Ejercicio de aceleración lineal en la pared,,yes
free_exercise_db:Linear_Depth_Jump,Linear Depth Jump,Salto en profundidad lineal,,yes
free_exercise_db:Log_Lift,Log Lift,Levantamiento de log,,yes
exercisedb_v1:bLyQokI,London Bridge,Face pull con cuerda,,yes
free_exercise_db:London_Bridges,London Bridges,London bridges,,yes
free_exercise_db:Looking_At_Ceiling,Looking At Ceiling,Mirando al techo,,yes
free_exercise_db:Low_Cable_Crossover,Low Cable Crossover,Cruce de poleas bajas,,yes
free_exercise_db:Low_Cable_Triceps_Extension,Low Cable Triceps Extension,Extensión de tríceps en polea baja,,yes
exercisedb_v1:u0cNiij,Low Glute Bridge On Floor,Puente de glúteos bajo en el suelo,,yes
free_exercise_db:Low_Pulley_Row_To_Neck,Low Pulley Row To Neck,Remo al cuello en polea baja,,yes
free_exercise_db:Lower_Back_Curl,Lower Back Curl,Extensión lumbar boca abajo,,yes
exercisedb_v1:ANbbry2,Lower Back Curl,Curl lumbar en el suelo,,yes
free_exercise_db:Lower_Back-SMR,Lower Back-SMR,Automasaje con rodillo de la zona lumbar,,yes
free_exercise_db:Lunge_Pass_Through,Lunge Pass Through,Zancada con pase de pesa rusa,,yes
free_exercise_db:Lunge_Sprint,Lunge Sprint,Zancada con salto en máquina Smith,,yes
exercisedb_v1:PM1PZjg,Lunge With Jump,Zancada con salto,,yes
exercisedb_v1:K9VL0Jq,Lunge With Twist,Zancada con giro,,yes
exercisedb_v1:BWnJR72,Lying (side) Quads Stretch,Estiramiento de cuádriceps acostado de lado,,yes
free_exercise_db:Lying_Bent_Leg_Groin,Lying Bent Leg Groin,Estiramiento de ingle acostado con piernas flexionadas,,yes
free_exercise_db:Lying_Cable_Curl,Lying Cable Curl,Curl acostado en polea,,yes
free_exercise_db:Lying_Cambered_Barbell_Row,Lying Cambered Barbell Row,Remo boca abajo en banco con barra curva,,yes
free_exercise_db:Lying_Close-Grip_Bar_Curl_On_High_Pulley,Lying Close-Grip Bar Curl On High Pulley,Curl acostado con agarre cerrado en polea alta,,yes
free_exercise_db:Lying_Close-Grip_Barbell_Triceps_Extension_Behind_The_Head,Lying Close-Grip Barbell Triceps Extension Behind The Head,Extensión de tríceps tras nuca acostado con barra y agarre cerrado,,yes
free_exercise_db:Lying_Close-Grip_Barbell_Triceps_Press_To_Chin,Lying Close-Grip Barbell Triceps Press To Chin,Press de tríceps al mentón acostado con barra y agarre cerrado,,yes
free_exercise_db:Lying_Crossover,Lying Crossover,Cruce de pierna acostado,,yes
free_exercise_db:Lying_Dumbbell_Tricep_Extension,Lying Dumbbell Tricep Extension,Extensión de tríceps acostado con mancuernas,,yes
exercisedb_v1:AQIhRjM,Lying Elbow To Knee,Codo a rodilla acostado,,yes
free_exercise_db:Lying_Face_Down_Plate_Neck_Resistance,Lying Face Down Plate Neck Resistance,Resistencia de cuello boca abajo con disco,,yes
free_exercise_db:Lying_Face_Up_Plate_Neck_Resistance,Lying Face Up Plate Neck Resistance,Resistencia de cuello boca arriba con disco,,yes
free_exercise_db:Lying_Glute,Lying Glute,Estiramiento de glúteo acostado,,yes
free_exercise_db:Lying_Hamstring,Lying Hamstring,Estiramiento de isquiotibiales acostado,,yes
free_exercise_db:Lying_High_Bench_Barbell_Curl,Lying High Bench Barbell Curl,Curl con barra acostado en banco alto,,yes
free_exercise_db:Lying_Leg_Curls,Lying Leg Curls,Curl femoral acostado en máquina,,yes
exercisedb_v1:WhuFnR7,Lying Leg Raise Flat Bench,Elevación de piernas acostado en banco plano,,yes
exercisedb_v1:9IxJdtC,Lying Leg-hip Raise,Elevación de piernas y cadera acostado,,yes
exercisedb_v1:mpYUPkA,Lying Leg-hip Raise - Contracted Variation,Elevación de piernas y cadera acostado - variante contraída,,yes
free_exercise_db:Lying_Machine_Squat,Lying Machine Squat,Sentadilla acostado en máquina,,yes
free_exercise_db:Lying_One-Arm_Lateral_Raise,Lying One-Arm Lateral Raise,Elevación lateral acostado con mancuerna a una mano,,yes
free_exercise_db:Lying_Prone_Quadriceps,Lying Prone Quadriceps,Estiramiento de cuádriceps boca abajo,,yes
free_exercise_db:Lying_Rear_Delt_Raise,Lying Rear Delt Raise,Aperturas posteriores acostado con mancuernas,,yes
free_exercise_db:Lying_Supine_Dumbbell_Curl,Lying Supine Dumbbell Curl,Curl acostado boca arriba con mancuernas,,yes
free_exercise_db:Lying_T-Bar_Row,Lying T-Bar Row,Remo en T acostado en máquina,,yes
free_exercise_db:Lying_Triceps_Press,Lying Triceps Press,Press de tríceps acostado,,yes
free_exercise_db:Machine_Bench_Press,Machine Bench Press,Press de banca en máquina,,yes
free_exercise_db:Machine_Bicep_Curl,Machine Bicep Curl,Curl de bíceps en máquina,,yes
exercisedb_v1:wDN97Ca,Machine Inner Chest Press,Press de pecho interior en máquina,,yes
free_exercise_db:Machine_Preacher_Curls,Machine Preacher Curls,Curl predicador en máquina,,yes
free_exercise_db:Machine_Shoulder_Military_Press,Machine Shoulder (Military) Press,Press de hombros en máquina,,yes
free_exercise_db:Machine_Triceps_Extension,Machine Triceps Extension,Extensión de tríceps en máquina,,yes
exercisedb_v1:VsopqcV,Macro Style Close-grip Push-up,Flexión con agarre cerrado estilo macro,,yes
exercisedb_v1:G1qWW6M,Macro Style Weighted One Hand Pull Up,Dominada a una mano con lastre estilo macro,,yes
exercisedb_v1:sVQCCeG,March Sit (wall),Sentadilla isométrica en la pared con marcha,,yes
exercisedb_v1:PsVS1QP,Medicine Ball Catch And Overhead Throw,Recepción y lanzamiento por encima de la cabeza con balón medicinal,,yes
free_exercise_db:Medicine_Ball_Chest_Pass,Medicine Ball Chest Pass,Pase de pecho con balón medicinal,,yes
exercisedb_v1:aDoFKrE,Medicine Ball Chest Pass,Pase de pecho con balón medicinal,,yes
exercisedb_v1:dCJnuVq,Medicine Ball Chest Push From 3 Point Stance,Empuje de pecho con balón medicinal desde posición de 3 apoyos,,yes
exercisedb_v1:7aolH9D,Medicine Ball Chest Push Multiple Response,Empuje de pecho con balón medicinal de respuesta múltiple,,yes
exercisedb_v1:jeHtrlO,Medicine Ball Chest Push Single Response,Empuje de pecho con balón medicinal de respuesta única,,yes
exercisedb_v1:pX9Elbe,Medicine Ball Chest Push With Run Release,Empuje de pecho con balón medicinal con salida en carrera,,yes
exercisedb_v1:8K7m2SS,Medicine Ball Close Grip Push Up,Flexión con agarre cerrado sobre balón medicinal,,yes
free_exercise_db:Medicine_Ball_Full_Twist,Medicine Ball Full Twist,Giro completo con balón medicinal,,yes
exercisedb_v1:oHg8eop,Medicine Ball Overhead Slam,Slam con balón medicinal por encima de la cabeza,,yes
free_exercise_db:Medicine_Ball_Scoop_Throw,Medicine Ball Scoop Throw,Lanzamiento scoop con balón medicinal,,yes
exercisedb_v1:Al3tP0D,Medicine Ball Supine Chest Throw,Lanzamiento de pecho boca arriba con balón medicinal,,yes
exercisedb_v1:qFHvMnv,Micro Style Barbell Speed Squat,Sentadilla de velocidad con barra estilo micro,,yes
free_exercise_db:Middle_Back_Shrug,Middle Back Shrug,Encogimiento de espalda media con mancuernas,,yes
free_exercise_db:Middle_Back_Stretch,Middle Back Stretch,Estiramiento de la espalda media,,yes
free_exercise_db:Mixed_Grip_Chin,Mixed Grip Chin,Dominada con agarre mixto,,yes
exercisedb_v1:T8UpLkb,Mixed Grip Chin-up,Dominada supina con agarre mixto,,yes
exercisedb_v1:epOSYUZ,Modified Hindu Push-up (male),Flexión hindú modificada,,yes
exercisedb_v1:arvaszz,Modified Push Up To Lower Arms,Flexión modificada hasta los antebrazos,,yes
free_exercise_db:Monster_Walk,Monster Walk,Caminata del monstruo,,yes
exercisedb_v1:O95afRA,Monster Walk,Caminata del monstruo,,yes
exercisedb_v1:RJgzwny,Mountain Climber,Escalador,,yes
free_exercise_db:Mountain_Climbers,Mountain Climbers,Escaladores,,yes
free_exercise_db:Moving_Claw_Series,Moving Claw Series,Serie de garra en movimiento,,yes
free_exercise_db:Muscle_Snatch,Muscle Snatch,Muscle snatch con barra,,yes
free_exercise_db:Muscle_Up,Muscle Up,Muscle up,,yes
exercisedb_v1:yJUHKTn,Muscle Up,Muscle up,,yes
exercisedb_v1:Af0EW2I,Muscle-up (on Vertical Bar),Muscle up en barra vertical,,yes
exercisedb_v1:4cWjYEN,Narrow Push-up On Exercise Ball,Flexión con agarre cerrado sobre fitball,,yes
free_exercise_db:Narrow_Stance_Hack_Squats,Narrow Stance Hack Squats,Sentadilla hack en máquina con postura cerrada,,yes
free_exercise_db:Narrow_Stance_Leg_Press,Narrow Stance Leg Press,Prensa de piernas con postura cerrada,,yes
free_exercise_db:Narrow_Stance_Squats,Narrow Stance Squats,Sentadilla con barra y postura cerrada,,yes
exercisedb_v1:58rdhvL,Narrow Style Band Jack Knife Sit-up,Abdominal navaja con banda elástica estilo cerrado,,yes
free_exercise_db:Natural_Glute_Ham_Raise,Natural Glute Ham Raise,Curl nórdico,,yes
free_exercise_db:Neck_Press,Neck Press,Press al cuello con barra,,yes
exercisedb_v1:x2chWLO,Neck Side Stretch,Estiramiento lateral de cuello,,yes
free_exercise_db:Neck-SMR,Neck-SMR,Liberación miofascial de cuello con rodillo,,yes
exercisedb_v1:szIn2UK,Negative Crunch,Crunch negativo,,yes
exercisedb_v1:cJgSTmh,Oblique Crunch V. 2,Crunch oblicuo,,yes
free_exercise_db:Oblique_Crunches,Oblique Crunches,Crunch oblicuo,,yes
free_exercise_db:Oblique_Crunches_-_On_The_Floor,Oblique Crunches - On The Floor,Crunch oblicuo en el suelo,,yes
exercisedb_v1:QUDd8WS,Oblique Crunches Floor,Crunch oblicuo en el suelo,,yes
exercisedb_v1:o1ntciW,Olympic Barbell Hammer Curl,Curl martillo con barra olímpica,,yes
exercisedb_v1:wu5LXwz,Olympic Barbell Triceps Extension,Extensión de tríceps con barra olímpica,,yes
free_exercise_db:Olympic_Squat,Olympic Squat,Sentadilla olímpica con barra,,yes
free_exercise_db:On_Your_Side_Quad_Stretch,On Your Side Quad Stretch,Estiramiento de cuádriceps acostado de lado,,yes
free_exercise_db:On-Your-Back_Quad_Stretch,On-Your-Back Quad Stretch,Estiramiento de cuádriceps boca arriba,,yes
free_exercise_db:One_Arm_Against_Wall,One Arm Against Wall,Estiramiento de dorsal con un brazo en la pared,,yes
exercisedb_v1:ZZTGMKh,One Arm Against Wall,Empuje a una mano contra la pared,,yes
exercisedb_v1:Rsxr3xl,One Arm Against Wall Compressed,Empuje comprimido a una mano contra la pared,,yes
free_exercise_db:One_Arm_Chin-Up,One Arm Chin-Up,Dominada supina a una mano,,yes
exercisedb_v1:HjdqmZa,One Arm Chin-up,Dominada supina a una mano,,yes
exercisedb_v1:FAoIFMw,One Arm Dip,Fondo a una mano,,yes
free_exercise_db:One_Arm_Dumbbell_Bench_Press,One Arm Dumbbell Bench Press,Press de banca con mancuerna a una mano,,yes
free_exercise_db:One_Arm_Dumbbell_Preacher_Curl,One Arm Dumbbell Preacher Curl,Curl predicador con mancuerna a una mano,,yes
free_exercise_db:One_Arm_Floor_Press,One Arm Floor Press,Press en el suelo con barra a una mano,,yes
free_exercise_db:One_Arm_Lat_Pulldown,One Arm Lat Pulldown,Jalón al pecho a una mano,,yes
free_exercise_db:One_Arm_Pronated_Dumbbell_Triceps_Extension,One Arm Pronated Dumbbell Triceps Extension,Extensión de tríceps a una mano con mancuerna y agarre prono,,yes
exercisedb_v1:jCrtE9b,One Arm Slam (with Medicine Ball),Slam con balón medicinal a una mano,,yes
free_exercise_db:One_Arm_Supinated_Dumbbell_Triceps_Extension,One Arm Supinated Dumbbell Triceps Extension,Extensión de tríceps a una mano con mancuerna y agarre supino,,yes
exercisedb_v1:bKWbrTA,One Arm Towel Row,Remo a una mano con toalla,,yes
free_exercise_db:One_Half_Locust,One Half Locust,Media langosta,,yes
free_exercise_db:One_Handed_Hang,One Handed Hang,Colgado a una mano,,yes
free_exercise_db:One_Knee_To_Chest,One Knee To Chest,Una rodilla al pecho,,yes
free_exercise_db:One_Leg_Barbell_Squat,One Leg Barbell Squat,Sentadilla a una pierna con barra,,yes
exercisedb_v1:A2upspL,One Leg Donkey Calf Raise,Elevación de talones tipo burro a una pierna,,yes
exercisedb_v1:0jp9Rlz,One Leg Floor Calf Raise,Elevación de talones a una pierna en el suelo,,yes
exercisedb_v1:C31LMnP,One Leg Squat,Sentadilla a una pierna,,yes
exercisedb_v1:cuC7529,One Leg Squat - Expanded Variation,"Sentadilla a una pierna, variante amplia",,yes
free_exercise_db:One-Arm_Dumbbell_Row,One-Arm Dumbbell Row,Remo con mancuerna a una mano,,yes
free_exercise_db:One-Arm_Flat_Bench_Dumbbell_Flye,One-Arm Flat Bench Dumbbell Flye,Apertura con mancuerna a una mano en banco plano,,yes
free_exercise_db:One-Arm_High-Pulley_Cable_Side_Bends,One-Arm High-Pulley Cable Side Bends,Inclinación lateral en polea alta a una mano,,yes
free_exercise_db:One-Arm_Incline_Lateral_Raise,One-Arm Incline Lateral Raise,Elevación lateral en banco inclinado con mancuerna a una mano,,yes
free_exercise_db:One-Arm_Kettlebell_Clean,One-Arm Kettlebell Clean,Cargada con pesa rusa a una mano,,yes
free_exercise_db:One-Arm_Kettlebell_Clean_and_Jerk,One-Arm Kettlebell Clean and Jerk,Dos tiempos con pesa rusa a una mano,,yes
free_exercise_db:One-Arm_Kettlebell_Floor_Press,One-Arm Kettlebell Floor Press,Press en el suelo con pesa rusa a una mano,,yes
free_exercise_db:One-Arm_Kettlebell_Jerk,One-Arm Kettlebell Jerk,Envión con pesa rusa a una mano,,yes
free_exercise_db:One-Arm_Kettlebell_Military_Press_To_The_Side,One-Arm Kettlebell Military Press To The Side,Press militar lateral con pesa rusa a una mano,,yes
free_exercise_db:One-Arm_Kettlebell_Para_Press,One-Arm Kettlebell Para Press,Para press con pesa rusa a una mano,,yes
free_exercise_db:One-Arm_Kettlebell_Push_Press,One-Arm Kettlebell Push Press,Push press con pesa rusa a una mano,,yes
free_exercise_db:One-Arm_Kettlebell_Row,One-Arm Kettlebell Row,Remo con pesa rusa a una mano,,yes
free_exercise_db:One-Arm_Kettlebell_Snatch,One-Arm Kettlebell Snatch,Arranque con pesa rusa a una mano,,yes
free_exercise_db:One-Arm_Kettlebell_Split_Jerk,One-Arm Kettlebell Split Jerk,Envión en split con pesa rusa a una mano,,yes
free_exercise_db:One-Arm_Kettlebell_Split_Snatch,One-Arm Kettlebell Split Snatch,Arranque en split con pesa rusa a una mano,,yes
free_exercise_db:One-Arm_Kettlebell_Swings,One-Arm Kettlebell Swings,Swing con pesa rusa a una mano,,yes
free_exercise_db:One-Arm_Long_Bar_Row,One-Arm Long Bar Row,Remo con barra larga a una mano,,yes
free_exercise_db:One-Arm_Medicine_Ball_Slam,One-Arm Medicine Ball Slam,Slam de balón medicinal a una mano,,yes
free_exercise_db:One-Arm_Open_Palm_Kettlebell_Clean,One-Arm Open Palm Kettlebell Clean,Cargada con palma abierta y pesa rusa a una mano,,yes
free_exercise_db:One-Arm_Overhead_Kettlebell_Squats,One-Arm Overhead Kettlebell Squats,Sentadilla con pesa rusa a una mano por encima de la cabeza,,yes
free_exercise_db:One-Arm_Side_Deadlift,One-Arm Side Deadlift,Peso muerto lateral a una mano con barra,,yes
free_exercise_db:One-Arm_Side_Laterals,One-Arm Side Laterals,Elevación lateral con mancuerna a una mano,,yes
free_exercise_db:One-Legged_Cable_Kickback,One-Legged Cable Kickback,Patada de glúteo en polea a una pierna,,yes
free_exercise_db:Open_Palm_Kettlebell_Clean,Open Palm Kettlebell Clean,Cargada con palma abierta y pesa rusa,,yes
exercisedb_v1:UVL20oz,Otis Up,Abdominal Otis up,,yes
free_exercise_db:Otis-Up,Otis-Up,Otis-up,,yes
exercisedb_v1:jNU1gFQ,Outside Leg Kick Push-up,Flexión con patada de pierna hacia fuera,,yes
free_exercise_db:Overhead_Cable_Curl,Overhead Cable Curl,Curl en polea por encima de la cabeza,,yes
free_exercise_db:Overhead_Lat,Overhead Lat,Estiramiento de dorsal por encima de la cabeza,,yes
free_exercise_db:Overhead_Slam,Overhead Slam,Slam con balón medicinal por encima de la cabeza,,yes
free_exercise_db:Overhead_Squat,Overhead Squat,Sentadilla con barra por encima de la cabeza,,yes
free_exercise_db:Overhead_Stretch,Overhead Stretch,Estiramiento por encima de la cabeza,,yes
free_exercise_db:Overhead_Triceps,Overhead Triceps,Estiramiento de tríceps por encima de la cabeza,,yes
exercisedb_v1:Z5YStHW,Overhead Triceps Stretch,Estiramiento de tríceps por encima de la cabeza,,yes
free_exercise_db:Pallof_Press,Pallof Press,Press Pallof,,yes
free_exercise_db:Pallof_Press_With_Rotation,Pallof Press With Rotation,Press Pallof con rotación,,yes
free_exercise_db:Palms-Down_Dumbbell_Wrist_Curl_Over_A_Bench,Palms-Down Dumbbell Wrist Curl Over A Bench,Curl de muñeca sobre banco con mancuernas y palmas hacia abajo,,yes
free_exercise_db:Palms-Down_Wrist_Curl_Over_A_Bench,Palms-Down Wrist Curl Over A Bench,Curl de muñeca con barra sobre banco con palmas hacia abajo,,yes
free_exercise_db:Palms-Up_Barbell_Wrist_Curl_Over_A_Bench,Palms-Up Barbell Wrist Curl Over A Bench,Curl de muñeca con barra sobre banco con palmas hacia arriba,,yes
free_exercise_db:Palms-Up_Dumbbell_Wrist_Curl_Over_A_Bench,Palms-Up Dumbbell Wrist Curl Over A Bench,Curl de muñeca sobre banco con mancuernas y palmas hacia arriba,,yes
free_exercise_db:Parallel_Bar_Dip,Parallel Bar Dip,Fondos en paralelas,,yes
exercisedb_v1:NKJ8o6x,Pelvic Tilt,Inclinación pélvica,,yes
free_exercise_db:Pelvic_Tilt_Into_Bridge,Pelvic Tilt Into Bridge,Inclinación pélvica a puente,,yes
exercisedb_v1:D9qe7CM,Pelvic Tilt Into Bridge,Inclinación pélvica a puente,,yes
free_exercise_db:Peroneals_Stretch,Peroneals Stretch,Estiramiento de peroneos,,yes
exercisedb_v1:XhfS1DZ,Peroneals Stretch,Estiramiento de peroneos,,yes
free_exercise_db:Peroneals-SMR,Peroneals-SMR,Automasaje con rodillo de peroneos,,yes
free_exercise_db:Physioball_Hip_Bridge,Physioball Hip Bridge,Puente de cadera en fitball,,yes
exercisedb_v1:XPUDTt7,Pike-to-cobra Push-up,Flexión de pica a cobra,,yes
free_exercise_db:Pin_Presses,Pin Presses,Press de banca en pines,,yes
free_exercise_db:Piriformis-SMR,Piriformis-SMR,Automasaje con rodillo del piriforme,,yes
free_exercise_db:Plank,Plank,Plancha,,yes
free_exercise_db:Plate_Pinch,Plate Pinch,Pinza con discos,,yes
free_exercise_db:Plate_Twist,Plate Twist,Giro con disco,,yes
free_exercise_db:Platform_Hamstring_Slides,Platform Hamstring Slides,Deslizamientos para isquiotibiales en el suelo,,yes
free_exercise_db:Plie_Dumbbell_Squat,Plie Dumbbell Squat,Sentadilla plié con mancuerna,,yes
free_exercise_db:Plyo_Kettlebell_Pushups,Plyo Kettlebell Pushups,Flexiones pliométricas con pesa rusa,,yes
exercisedb_v1:Snj1wSv,Plyo Push Up,Flexión pliométrica,,yes
free_exercise_db:Plyo_Push-up,Plyo Push-up,Flexión pliométrica,,yes
exercisedb_v1:9fCHfSc,Pointed Cable Palm Rotational Row,Remo en polea con rotación de palmas y control preciso,,yes
exercisedb_v1:ErqK3UL,Posterior Step To Overhead Reach,Paso hacia atrás con brazos por encima de la cabeza,,yes
free_exercise_db:Posterior_Tibialis_Stretch,Posterior Tibialis Stretch,Estiramiento del tibial posterior,,yes
exercisedb_v1:DEEqoI2,Posterior Tibialis Stretch,Estiramiento del tibial posterior,,yes
exercisedb_v1:75Bgtjy,Potty Squat,Sentadilla profunda,,yes
exercisedb_v1:b63ZzGe,Potty Squat With Support,Sentadilla profunda con apoyo,,yes
free_exercise_db:Power_Clean,Power Clean,Cargada de potencia con barra,,yes
exercisedb_v1:SiWCcTN,Power Clean,Cargada de potencia con barra,,yes
free_exercise_db:Power_Clean_from_Blocks,Power Clean from Blocks,Cargada de potencia desde bloques con barra,,yes
free_exercise_db:Power_Jerk,Power Jerk,Envión de potencia,,yes
free_exercise_db:Power_Partials,Power Partials,Elevaciones laterales parciales con mancuernas,,yes
exercisedb_v1:hCjGsRQ,Power Point Plank,Plancha con transición a antebrazos,,yes
free_exercise_db:Power_Snatch,Power Snatch,Arranque de potencia con barra,,yes
free_exercise_db:Power_Snatch_from_Blocks,Power Snatch from Blocks,Arranque de potencia desde bloques,,yes
free_exercise_db:Power_Stairs,Power Stairs,Escaleras de potencia,,yes
free_exercise_db:Preacher_Curl,Preacher Curl,Curl predicador con barra,,yes
free_exercise_db:Preacher_Hammer_Dumbbell_Curl,Preacher Hammer Dumbbell Curl,Curl martillo predicador con mancuernas,,yes
exercisedb_v1:KWyEjtI,Precision Style Lever Bent-over Row With V-bar,Remo inclinado hacia adelante con barra en V en máquina - estilo preciso,,yes
free_exercise_db:Press_Sit-Up,Press Sit-Up,Abdominal con press de barra,,yes
exercisedb_v1:mgejmGP,Prisoner Half Sit-up (male),Medio abdominal con manos en la nuca,,yes
exercisedb_v1:u1iHcoD,Prone Dumbbell Upright Shoulder External Rotation,Rotación externa de hombro boca abajo con mancuernas,,yes
free_exercise_db:Prone_Manual_Hamstring,Prone Manual Hamstring,Curl femoral manual boca abajo,,yes
exercisedb_v1:iFsqlCD,Prone Medicine Ball Close Grip Push Up,Flexión con agarre cerrado sobre balón medicinal boca abajo,,yes
exercisedb_v1:1IG6gVF,Prone Twist On Stability Ball,Giro boca abajo en fitball,,yes
free_exercise_db:Prowler_Sprint,Prowler Sprint,Sprint con trineo,,yes
free_exercise_db:Pull_Through,Pull Through,Pull through en polea,,yes
exercisedb_v1:0V2YQjW,Pull Up (neutral Grip),Dominada con agarre neutro,,yes
exercisedb_v1:UQr48Oi,Pull-in (on Stability Ball),Encogimiento de rodillas en fitball,,yes
exercisedb_v1:lBDjFxJ,Pull-up,Dominada,,yes
free_exercise_db:Pullups,Pullups,Dominadas,,yes
exercisedb_v1:PCUYOMs,Pulse Style Walk Elliptical Cross Trainer,Caminata en elíptica estilo pulsos,,yes
exercisedb_v1:IU4QNJ6,Pure Chin-up,Dominada supina pura,,yes
exercisedb_v1:wXvUZC8,Push And Pull Bodyweight,Empuje y tracción con peso corporal,,yes
free_exercise_db:Push_Press,Push Press,Push press con barra,,yes
free_exercise_db:Push_Press_-_Behind_the_Neck,Push Press - Behind the Neck,Push press tras nuca con barra,,yes
exercisedb_v1:PrQbjvB,Push To Run,Flexión con carrera,,yes
exercisedb_v1:wVompEp,Push Up On Bosu Ball,Flexión en bosu,,yes
exercisedb_v1:P7zSvul,Push Up On Bosu Ball With Improved,Flexión en bosu mejorada,,yes
free_exercise_db:Push_Up_to_Side_Plank,Push Up to Side Plank,Flexión con plancha lateral,,yes
free_exercise_db:Push-Up_Wide,Push-Up Wide,Flexión con agarre abierto,,yes
free_exercise_db:Push-Ups_-_Close_Triceps_Position,Push-Ups - Close Triceps Position,Flexiones con agarre cerrado para tríceps,,yes
free_exercise_db:Push-Ups_With_Feet_Elevated,Push-Ups With Feet Elevated,Flexiones con pies elevados,,yes
free_exercise_db:Push-Ups_With_Feet_On_An_Exercise_Ball,Push-Ups With Feet On An Exercise Ball,Flexiones con los pies en fitball,,yes
exercisedb_v1:I4hDWkc,Push-up,Flexión,,yes
exercisedb_v1:2kr2lWy,Push-up (bosu Ball),Flexión en bosu,,yes
exercisedb_v1:tgryw5Y,Push-up (on Stability Ball),Flexión sobre fitball,,yes
exercisedb_v1:Y4BRNQF,Push-up (on Stability Ball),Flexión sobre fitball,,yes
exercisedb_v1:LEH9jxP,Push-up (wall),Flexión en pared,,yes
exercisedb_v1:NCmbLCw,Push-up (wall) V. 2,Flexión en pared,,yes
exercisedb_v1:qBl14UC,Push-up (wall) With Static,Flexión en pared estática,,yes
exercisedb_v1:KZXAtKQ,Push-up Close-grip Off Dumbbell,Flexión con agarre cerrado sobre mancuernas,,yes
exercisedb_v1:0br45wL,Push-up Inside Leg Kick,Flexión con patada de pierna hacia dentro,,yes
exercisedb_v1:W8KAlkI,Push-up Medicine Ball,Flexión sobre balón medicinal,,yes
exercisedb_v1:4Jt8QsQ,Push-up On Lower Arms,Flexión sobre los antebrazos,,yes
exercisedb_v1:1IFV9h3,Push-up On Lower Arms - Resistance Variation,Flexión sobre los antebrazos - variante de resistencia,,yes
exercisedb_v1:pvBMLHA,Push-up Plus,Flexión plus,,yes
exercisedb_v1:KhHJ338,Push-up To Side Plank,Flexión con plancha lateral,,yes
exercisedb_v1:kk39rUy,Push-up To Side Plank - Athletic Variation,Flexión con plancha lateral - variante atlética,,yes
free_exercise_db:Pushups,Pushups,Flexiones,,yes
free_exercise_db:Pushups_Close_and_Wide_Hand_Positions,Pushups (Close and Wide Hand Positions),Flexiones con agarre cerrado y abierto,,yes
free_exercise_db:Pyramid,Pyramid,Pirámide en fitball,,yes
free_exercise_db:Quad_Stretch,Quad Stretch,Estiramiento de cuádriceps,,yes
free_exercise_db:Quadriceps-SMR,Quadriceps-SMR,Automasaje con rodillo de cuádriceps,,yes
exercisedb_v1:6YUfHPL,Quads,Sentadilla con peso corporal,,yes
exercisedb_v1:MDFxU4b,Quads Complex,Complejo de sentadillas con peso corporal,,yes
exercisedb_v1:enxnJcM,Quarter Sit-up,Abdominal 1/4,,yes
exercisedb_v1:mweqJin,Quick Feet V. 2,Pies rápidos,,yes
exercisedb_v1:IBj3nsn,Quick Feet V. 2 With Bent,Pies rápidos con rodillas flexionadas,,yes
free_exercise_db:Quick_Leap,Quick Leap,Salto rápido al cajón,,yes
free_exercise_db:Rack_Delivery,Rack Delivery,Recepción de la barra en los hombros,,yes
free_exercise_db:Rack_Pull_with_Bands,Rack Pull with Bands,Rack pull con bandas elásticas,,yes
free_exercise_db:Rack_Pulls,Rack Pulls,Rack pull,,yes
exercisedb_v1:13TpY4H,Raise Single Arm Push-up,Flexión a una mano con elevación del brazo,,yes
exercisedb_v1:UpAlold,Rear Decline Bridge,Puente posterior declinado,,yes
exercisedb_v1:xifhB5W,Rear Deltoid Stretch,Estiramiento de deltoides posterior,,yes
free_exercise_db:Rear_Leg_Raises,Rear Leg Raises,Elevación de pierna hacia atrás en cuadrupedia,,yes
exercisedb_v1:CbFSYC1,Rear Pull-up,Dominada tras nuca,,yes
exercisedb_v1:K5xgdvI,Reclining Big Toe Pose With Rope,Postura reclinada del dedo gordo del pie con cuerda,,yes
free_exercise_db:Recumbent_Bike,Recumbent Bike,Bicicleta reclinada,,yes
exercisedb_v1:Pjbc0Kt,Resistance Band Hip Thrusts On Knees (female),Hip thrust de rodillas con banda de resistencia,,yes
exercisedb_v1:Y1MsI1l,Resistance Band Leg Extension,Extensión de pierna con banda de resistencia,,yes
exercisedb_v1:Ul5OFSV,Resistance Band Leg Extension Declined,Extensión de pierna declinada con banda de resistencia,,yes
exercisedb_v1:XFc3vpY,Resistance Band Seated Biceps Curl,Curl de bíceps sentado con banda de resistencia,,yes
exercisedb_v1:4x5Okof,Resistance Band Seated Chest Press,Press de pecho sentado con banda de resistencia,,yes
exercisedb_v1:0xDpB4L,Resistance Band Seated Hip Abduction,Abducción de cadera sentado con banda de resistencia,,yes
exercisedb_v1:S93zLTG,Resistance Band Seated Shoulder Press,Press de hombros sentado con banda de resistencia,,yes
exercisedb_v1:hTLtkXL,Resistance Band Seated Shoulder Press With Declined,Press de hombros sentado declinado con banda de resistencia,,yes
exercisedb_v1:Nu7jqFE,Resistance Band Seated Straight Back Row,Remo sentado con espalda recta con banda de resistencia,,yes
free_exercise_db:Return_Push_from_Stance,Return Push from Stance,Pase de devolución desde posición de salida con balón medicinal,,yes
free_exercise_db:Reverse_Band_Bench_Press,Reverse Band Bench Press,Press de banca con bandas invertidas,,yes
free_exercise_db:Reverse_Band_Box_Squat,Reverse Band Box Squat,Sentadilla al cajón con bandas invertidas,,yes
free_exercise_db:Reverse_Band_Deadlift,Reverse Band Deadlift,Peso muerto con bandas invertidas,,yes
free_exercise_db:Reverse_Band_Power_Squat,Reverse Band Power Squat,Sentadilla de potencia con bandas invertidas,,yes
free_exercise_db:Reverse_Band_Sumo_Deadlift,Reverse Band Sumo Deadlift,Peso muerto sumo con bandas invertidas,,yes
free_exercise_db:Reverse_Barbell_Curl,Reverse Barbell Curl,Curl invertido con barra,,yes
free_exercise_db:Reverse_Barbell_Preacher_Curls,Reverse Barbell Preacher Curls,Curl predicador invertido con barra Z,,yes
free_exercise_db:Reverse_Cable_Curl,Reverse Cable Curl,Curl invertido en polea,,yes
free_exercise_db:Reverse_Crunch,Reverse Crunch,Crunch invertido,,yes
exercisedb_v1:nCU1Ekp,Reverse Crunch,Crunch invertido,,yes
exercisedb_v1:NZ5Qqkz,Reverse Dip,Fondo invertido,,yes
free_exercise_db:Reverse_Flyes,Reverse Flyes,Aperturas invertidas con mancuernas,,yes
free_exercise_db:Reverse_Flyes_With_External_Rotation,Reverse Flyes With External Rotation,Aperturas invertidas con mancuernas y rotación externa,,yes
free_exercise_db:Reverse_Grip_Bent-Over_Rows,Reverse Grip Bent-Over Rows,Remo con barra inclinado hacia adelante con agarre supino,,yes
exercisedb_v1:ecpY0rH,Reverse Grip Machine Lat Pulldown,Jalón al pecho con agarre supino en máquina,,yes
exercisedb_v1:YAk5dIw,Reverse Grip Pull-up,Dominada con agarre invertido,,yes
free_exercise_db:Reverse_Grip_Triceps_Pushdown,Reverse Grip Triceps Pushdown,Extensión de tríceps en polea con agarre invertido,,yes
exercisedb_v1:vM5YS2g,Reverse Hyper Extension (on Stability Ball),Hiperextensión invertida en fitball,,yes
exercisedb_v1:OrETs32,Reverse Hyper On Flat Bench,Hiperextensión invertida en banco plano,,yes
free_exercise_db:Reverse_Hyperextension,Reverse Hyperextension,Hiperextensión invertida,,yes
free_exercise_db:Reverse_Machine_Flyes,Reverse Machine Flyes,Aperturas posteriores en máquina,,yes
exercisedb_v1:tFToB7l,Reverse Plank With Leg Lift,Plancha invertida con elevación de pierna,,yes
free_exercise_db:Reverse_Plate_Curls,Reverse Plate Curls,Curl invertido con disco,,yes
free_exercise_db:Reverse_Triceps_Bench_Press,Reverse Triceps Bench Press,Press de banca con agarre invertido para tríceps,,yes
free_exercise_db:Rhomboids-SMR,Rhomboids-SMR,Automasaje con rodillo de romboides,,yes
free_exercise_db:Rickshaw_Carry,Rickshaw Carry,Caminata con rickshaw,,yes
free_exercise_db:Rickshaw_Deadlift,Rickshaw Deadlift,Peso muerto en rickshaw,,yes
free_exercise_db:Ring_Dips,Ring Dips,Fondos en anillas,,yes
exercisedb_v1:ezTvXcr,Ring Dips,Fondos en anillas,,yes
free_exercise_db:Rocket_Jump,Rocket Jump,Salto cohete,,yes
exercisedb_v1:2Dk4xQV,Rocking Frog Stretch,Estiramiento de rana con balanceo,,yes
free_exercise_db:Rocking_Standing_Calf_Raise,Rocking Standing Calf Raise,Elevación de talones de pie con balanceo,,yes
free_exercise_db:Rocky_Pull-Ups_Pulldowns,Rocky Pull-Ups/Pulldowns,Dominadas Rocky,,yes
exercisedb_v1:cQ19bBP,Rocky Pull-up Pulldown,Dominada Rocky,,yes
exercisedb_v1:isofgzg,Roller Back Stretch,Estiramiento de espalda con rodillo,,yes
exercisedb_v1:XeMvLgE,Roller Body Saw,Body saw con rodillo,,yes
exercisedb_v1:0L2KwtI,Roller Hip Lat Stretch,Estiramiento de cadera y dorsales con rodillo,,yes
exercisedb_v1:oMypNrz,Roller Hip Stretch,Estiramiento de cadera con rodillo,,yes
exercisedb_v1:SKXQAx3,Roller Reverse Crunch,Crunch invertido con rodillo,,yes
exercisedb_v1:8coXSYU,Roller Seated Shoulder Flexor Depresor Retractor,"Flexión, depresión y retracción de hombros sentado con rodillo",,yes
exercisedb_v1:CjETvlw,Roller Seated Single Leg Shoulder Flexor Depresor Retractor,"Flexión, depresión y retracción de hombros sentado a una pierna con rodillo",,yes
exercisedb_v1:c3Pfhti,Roller Side Lat Stretch,Estiramiento lateral de dorsales con rodillo,,yes
free_exercise_db:Romanian_Deadlift,Romanian Deadlift,Peso muerto rumano con barra,,yes
free_exercise_db:Romanian_Deadlift_from_Deficit,Romanian Deadlift from Deficit,Peso muerto rumano desde déficit,,yes
free_exercise_db:Rope_Climb,Rope Climb,Trepa de cuerda,,yes
exercisedb_v1:yaAxcQr,Rope Climb,Escalada en cuerda,,yes
free_exercise_db:Rope_Crunch,Rope Crunch,Crunch en polea con cuerda,,yes
free_exercise_db:Rope_Jumping,Rope Jumping,Saltar la cuerda,,yes
free_exercise_db:Rope_Straight-Arm_Pulldown,Rope Straight-Arm Pulldown,Jalón con brazos extendidos en polea con cuerda,,yes
exercisedb_v1:syUwUKY,Rotated Dumbbell Pronate-grip Triceps Extension,Extensión de tríceps rotada con mancuerna y agarre prono,,yes
exercisedb_v1:8IbNZwc,Rough Band Hip Lift,Elevación de cadera brusca con banda elástica,,yes
exercisedb_v1:PKlXuJW,Rough Band Push Sit-up,Abdominal con empuje de banda elástica,,yes
exercisedb_v1:jCBOdh0,Rough Cable Decline Fly,Aperturas declinadas en polea,,yes
exercisedb_v1:qU8bYp7,Rough Cable Standing One Arm Triceps Extension,Extensión de tríceps brusca de pie a una mano en polea,,yes
free_exercise_db:Round_The_World_Shoulder_Stretch,Round The World Shoulder Stretch,Estiramiento de hombros con barra,,yes
exercisedb_v1:6Wr0F3W,Rounded Twisted Leg Raise (female),Elevación de piernas con giro,,yes
free_exercise_db:Rowing_Stationary,"Rowing, Stationary",Remo en máquina de remo,,yes
exercisedb_v1:oLrKqDH,Run,Correr,,yes
exercisedb_v1:y5p0H8a,Run (equipment),Correr (con equipo),,yes
free_exercise_db:Runners_Stretch,Runner's Stretch,Estiramiento del corredor,,yes
exercisedb_v1:0mB6wHO,Runners Stretch,Estiramiento del corredor,,yes
free_exercise_db:Running_Treadmill,"Running, Treadmill",Carrera en cinta de correr,,yes
free_exercise_db:Russian_Twist,Russian Twist,Giro ruso,,yes
exercisedb_v1:XVDdcoj,Russian Twist,Giro ruso,,yes
free_exercise_db:Sandbag_Load,Sandbag Load,Carga de sacos de arena,,yes
exercisedb_v1:7xeukSt,Scapula Dips,Fondos escapulares,,yes
exercisedb_v1:jV65tKx,Scapula Push-up,Flexión escapular,,yes
free_exercise_db:Scapular_Pull-Up,Scapular Pull-Up,Dominada escapular,,yes
exercisedb_v1:uTBt1HV,Scapular Pull-up,Dominada escapular,,yes
exercisedb_v1:Eh2v5Iu,Scissor Jumps (male),Saltos en tijera cruzando las piernas,,yes
free_exercise_db:Scissor_Kick,Scissor Kick,Patada de tijera,,yes
free_exercise_db:Scissors_Jump,Scissors Jump,Salto en tijera,,yes
free_exercise_db:Seated_Band_Hamstring_Curl,Seated Band Hamstring Curl,Curl femoral sentado con banda elástica,,yes
free_exercise_db:Seated_Barbell_Military_Press,Seated Barbell Military Press,Press militar sentado con barra,,yes
free_exercise_db:Seated_Barbell_Twist,Seated Barbell Twist,Giro sentado con barra,,yes
free_exercise_db:Seated_Bent-Over_One-Arm_Dumbbell_Triceps_Extension,Seated Bent-Over One-Arm Dumbbell Triceps Extension,Extensión de tríceps a una mano sentado e inclinado hacia adelante con mancuerna,,yes
free_exercise_db:Seated_Bent-Over_Rear_Delt_Raise,Seated Bent-Over Rear Delt Raise,Aperturas posteriores sentado inclinado hacia adelante con mancuernas,,yes
free_exercise_db:Seated_Bent-Over_Two-Arm_Dumbbell_Triceps_Extension,Seated Bent-Over Two-Arm Dumbbell Triceps Extension,Extensión de tríceps a dos manos sentado e inclinado hacia adelante con mancuernas,,yes
free_exercise_db:Seated_Biceps,Seated Biceps,Bíceps isométrico sentado con compañero,,yes
free_exercise_db:Seated_Cable_Rows,Seated Cable Rows,Remo sentado en polea,,yes
free_exercise_db:Seated_Cable_Shoulder_Press,Seated Cable Shoulder Press,Press de hombros sentado en polea,,yes
free_exercise_db:Seated_Calf_Raise,Seated Calf Raise,Elevación de talones sentado en máquina,,yes
free_exercise_db:Seated_Calf_Stretch,Seated Calf Stretch,Estiramiento de pantorrillas sentado,,yes
exercisedb_v1:17bqEXD,Seated Calf Stretch (male),Estiramiento de pantorrilla sentado,,yes
free_exercise_db:Seated_Close-Grip_Concentration_Barbell_Curl,Seated Close-Grip Concentration Barbell Curl,Curl concentrado sentado con barra y agarre cerrado,,yes
free_exercise_db:Seated_Dumbbell_Curl,Seated Dumbbell Curl,Curl sentado con mancuernas,,yes
free_exercise_db:Seated_Dumbbell_Inner_Biceps_Curl,Seated Dumbbell Inner Biceps Curl,Curl sentado en abducción con mancuernas,,yes
free_exercise_db:Seated_Dumbbell_Palms-Down_Wrist_Curl,Seated Dumbbell Palms-Down Wrist Curl,Curl de muñeca sentado con mancuernas y palmas hacia abajo,,yes
free_exercise_db:Seated_Dumbbell_Palms-Up_Wrist_Curl,Seated Dumbbell Palms-Up Wrist Curl,Curl de muñeca sentado con mancuernas y palmas hacia arriba,,yes
free_exercise_db:Seated_Dumbbell_Press,Seated Dumbbell Press,Press de hombros sentado con mancuernas,,yes
free_exercise_db:Seated_Flat_Bench_Leg_Pull-In,Seated Flat Bench Leg Pull-In,Encogimiento de piernas sentado en banco plano,,yes
free_exercise_db:Seated_Floor_Hamstring_Stretch,Seated Floor Hamstring Stretch,Estiramiento de isquiotibiales sentado en el suelo,,yes
free_exercise_db:Seated_Front_Deltoid,Seated Front Deltoid,Estiramiento de deltoides anterior sentado con compañero,,yes
free_exercise_db:Seated_Glute,Seated Glute,Estiramiento de glúteo sentado,,yes
exercisedb_v1:DeDThfG,Seated Glute Stretch,Estiramiento de glúteo sentado,,yes
free_exercise_db:Seated_Good_Mornings,Seated Good Mornings,Buenos días sentado,,yes
free_exercise_db:Seated_Hamstring,Seated Hamstring,Estiramiento de isquiotibiales sentado,,yes
free_exercise_db:Seated_Hamstring_and_Calf_Stretch,Seated Hamstring and Calf Stretch,Estiramiento de isquiotibiales y pantorrillas sentado,,yes
free_exercise_db:Seated_Head_Harness_Neck_Resistance,Seated Head Harness Neck Resistance,Resistencia de cuello sentado con arnés de cabeza,,yes
free_exercise_db:Seated_Leg_Curl,Seated Leg Curl,Curl femoral sentado en máquina,,yes
exercisedb_v1:Hgs6Nl1,Seated Leg Raise,Elevación de piernas sentado,,yes
free_exercise_db:Seated_Leg_Tucks,Seated Leg Tucks,Encogimiento de piernas sentado,,yes
exercisedb_v1:QFmz6ch,Seated Lower Back Stretch,Estiramiento lumbar sentado,,yes
free_exercise_db:Seated_One-Arm_Dumbbell_Palms-Down_Wrist_Curl,Seated One-Arm Dumbbell Palms-Down Wrist Curl,Curl de muñeca sentado con mancuerna a una mano y palma hacia abajo,,yes
free_exercise_db:Seated_One-Arm_Dumbbell_Palms-Up_Wrist_Curl,Seated One-Arm Dumbbell Palms-Up Wrist Curl,Curl de muñeca sentado con mancuerna a una mano y palma hacia arriba,,yes
free_exercise_db:Seated_One-arm_Cable_Pulley_Rows,Seated One-arm Cable Pulley Rows,Remo sentado en polea a una mano,,yes
free_exercise_db:Seated_Overhead_Stretch,Seated Overhead Stretch,Estiramiento lateral sentado,,yes
free_exercise_db:Seated_Palm-Up_Barbell_Wrist_Curl,Seated Palm-Up Barbell Wrist Curl,Curl de muñeca sentado con barra y palmas hacia arriba,,yes
free_exercise_db:Seated_Palms-Down_Barbell_Wrist_Curl,Seated Palms-Down Barbell Wrist Curl,Curl de muñeca sentado con barra y palmas hacia abajo,,yes
exercisedb_v1:QY39eBr,Seated Piriformis Stretch,Estiramiento del piriforme sentado,,yes
exercisedb_v1:Y9hNPcN,Seated Side Crunch (wall),Crunch lateral sentado contra la pared,,yes
free_exercise_db:Seated_Side_Lateral_Raise,Seated Side Lateral Raise,Elevación lateral sentado con mancuernas,,yes
free_exercise_db:Seated_Triceps_Press,Seated Triceps Press,Press de tríceps sentado con mancuerna,,yes
free_exercise_db:Seated_Two-Arm_Palms-Up_Low-Pulley_Wrist_Curl,Seated Two-Arm Palms-Up Low-Pulley Wrist Curl,Curl de muñeca sentado a dos manos en polea baja con palmas hacia arriba,,yes
exercisedb_v1:HIgYKAB,Seated Wide Angle Pose Sequence,Secuencia de postura sentado con piernas abiertas,,yes
free_exercise_db:See-Saw_Press_Alternating_Side_Press,See-Saw Press (Alternating Side Press),Press see-saw con mancuernas (press lateral alterno),,yes
exercisedb_v1:E4PwJqI,Self Assisted Inverse Leg Curl,Curl femoral inverso autoasistido,,yes
exercisedb_v1:GwYwElT,Self Assisted Inverse Leg Curl,Curl femoral inverso autoasistido,,yes
exercisedb_v1:ZSY3MsL,Self Assisted Inverse Leg Curl (on Floor),Curl femoral inverso autoasistido en el suelo,,yes
exercisedb_v1:6FMU51h,Semi Squat Jump (male),Salto en media sentadilla,,yes
exercisedb_v1:LFIOery,Sharp Style Dumbbell Sumo Pull Through,Pull through sumo con mancuerna estilo marcado,,yes
exercisedb_v1:CcWEoWV,Short Stride Run,Carrera de zancada corta,,yes
free_exercise_db:Shotgun_Row,Shotgun Row,Remo shotgun en polea,,yes
free_exercise_db:Shoulder_Circles,Shoulder Circles,Círculos de hombros,,yes
exercisedb_v1:YtgD7Xq,Shoulder Grip Pull-up,Dominada con agarre al ancho de los hombros,,yes
free_exercise_db:Shoulder_Press_-_With_Bands,Shoulder Press - With Bands,Press de hombros con banda elástica,,yes
free_exercise_db:Shoulder_Raise,Shoulder Raise,Elevación de hombros,,yes
free_exercise_db:Shoulder_Stretch,Shoulder Stretch,Estiramiento de hombros,,yes
exercisedb_v1:yRpV5TC,Shoulder Tap,Toque de hombros en plancha,,yes
exercisedb_v1:qEse6fe,Shoulder Tap Push-up,Flexión con toque de hombro,,yes
free_exercise_db:Side_Bridge,Side Bridge,Puente lateral,,yes
exercisedb_v1:WL4EmxJ,Side Bridge Hip Abduction,Abducción de cadera en plancha lateral,,yes
exercisedb_v1:RKjH6Lt,Side Bridge V. 2,Puente lateral,,yes
exercisedb_v1:N6dZN2I,Side Cable High Row (kneeling),Remo alto lateral en polea de rodillas,,yes
exercisedb_v1:jTkSc6o,Side Hip (on Parallel Bars),Elevación lateral de piernas en paralelas,,yes
exercisedb_v1:7WaDzyL,Side Hip Abduction,Abducción lateral de cadera de pie,,yes
free_exercise_db:Side_Hop-Sprint,Side Hop-Sprint,Salto lateral con sprint,,yes
free_exercise_db:Side_Jackknife,Side Jackknife,Navaja lateral,,yes
free_exercise_db:Side_Lateral_Raise,Side Lateral Raise,Elevación lateral con mancuernas,,yes
free_exercise_db:Side_Laterals_to_Front_Raise,Side Laterals to Front Raise,Elevación lateral y frontal con mancuernas,,yes
free_exercise_db:Side_Leg_Raises,Side Leg Raises,Elevación lateral de pierna de pie,,yes
exercisedb_v1:jDOKRM5,Side Lying Floor Stretch,Estiramiento lateral acostado en el suelo,,yes
free_exercise_db:Side_Lying_Groin_Stretch,Side Lying Groin Stretch,Estiramiento de ingle acostado de lado,,yes
exercisedb_v1:c8f5cSY,Side Lying Hip Adduction (male),Aducción de cadera acostado de lado,,yes
free_exercise_db:Side_Neck_Stretch,Side Neck Stretch,Estiramiento lateral de cuello,,yes
exercisedb_v1:VO2qeJg,Side Plank Hip Adduction,Aducción de cadera en plancha lateral,,yes
exercisedb_v1:oQRJYkC,Side Push Neck Stretch,Estiramiento lateral de cuello con empuje,,yes
exercisedb_v1:wpbD28t,Side Push-up,Flexión lateral,,yes
free_exercise_db:Side_Standing_Long_Jump,Side Standing Long Jump,Salto de longitud lateral sin impulso,,yes
free_exercise_db:Side_To_Side_Chins,Side To Side Chins,Dominadas de lado a lado,,yes
free_exercise_db:Side_Wrist_Pull,Side Wrist Pull,Estiramiento lateral con tracción de muñeca,,yes
exercisedb_v1:UtmIqcI,Side Wrist Pull Stretch,Estiramiento lateral de muñeca,,yes
free_exercise_db:Side_to_Side_Box_Shuffle,Side to Side Box Shuffle,Desplazamiento lateral sobre el cajón,,yes
free_exercise_db:Side-Lying_Floor_Stretch,Side-Lying Floor Stretch,Estiramiento de dorsal acostado de lado en el suelo,,yes
exercisedb_v1:isAAZWA,Side-to-side Chin,Dominada de lado a lado,,yes
exercisedb_v1:BeReYBf,Side-to-side Chin With Reverse,Dominada de lado a lado invertida,,yes
exercisedb_v1:WCAvOfC,Side-to-side Toe Touch (male),Toque de puntas de lado a lado,,yes
exercisedb_v1:MUic5zN,Single Arm Push-up,Flexión a una mano,,yes
free_exercise_db:Single_Dumbbell_Raise,Single Dumbbell Raise,Elevación frontal con mancuerna a dos manos,,yes
exercisedb_v1:rmEukuS,Single Leg Bridge With Outstretched Leg,Puente a una pierna con la pierna extendida,,yes
free_exercise_db:Single_Leg_Butt_Kick,Single Leg Butt Kick,Salto con patada al glúteo a una pierna,,yes
exercisedb_v1:fKZgDEO,Single Leg Calf Raise (on A Dumbbell),Elevación de talones a una pierna sobre una mancuerna,,yes
free_exercise_db:Single_Leg_Glute_Bridge,Single Leg Glute Bridge,Puente de glúteos a una pierna,,yes
exercisedb_v1:LNE3wfo,Single Leg Platform Slide,Deslizamiento en plataforma a una pierna,,yes
free_exercise_db:Single_Leg_Push-off,Single Leg Push-off,Impulso a una pierna en cajón,,yes
exercisedb_v1:nqs5HGV,Single Leg Squat (pistol) Male,Sentadilla pistol a una pierna,,yes
exercisedb_v1:VRBGPHB,Single Smith Shoulder Press,Press de hombros a una mano en máquina Smith,,yes
exercisedb_v1:8gQo5Ss,Single Style Cable Standing Crunch (with Rope Attachment),"Crunch de pie en polea con cuerda, estilo simple",,yes
free_exercise_db:Single-Arm_Cable_Crossover,Single-Arm Cable Crossover,Cruce de poleas a una mano,,yes
free_exercise_db:Single-Arm_Linear_Jammer,Single-Arm Linear Jammer,Jammer lineal a una mano con barra,,yes
free_exercise_db:Single-Arm_Push-Up,Single-Arm Push-Up,Flexión a una mano,,yes
free_exercise_db:Single-Cone_Sprint_Drill,Single-Cone Sprint Drill,Ejercicio de sprint con un cono,,yes
free_exercise_db:Single-Leg_High_Box_Squat,Single-Leg High Box Squat,Sentadilla a una pierna en cajón alto,,yes
free_exercise_db:Single-Leg_Hop_Progression,Single-Leg Hop Progression,Progresión de saltos a una pierna,,yes
free_exercise_db:Single-Leg_Lateral_Hop,Single-Leg Lateral Hop,Salto lateral a una pierna,,yes
free_exercise_db:Single-Leg_Leg_Extension,Single-Leg Leg Extension,Extensión de cuádriceps a una pierna en máquina,,yes
free_exercise_db:Single-Leg_Stride_Jump,Single-Leg Stride Jump,Salto en zancada a una pierna,,yes
exercisedb_v1:xdYPUtE,Sissy Squat,Sissy squat,,yes
exercisedb_v1:DoEYq4s,Sissy Squat Isolation,Sissy squat de aislamiento,,yes
free_exercise_db:Sit_Squats,Sit Squats,Sentadilla sentada,,yes
free_exercise_db:Sit-Up,Sit-Up,Abdominal,,yes
exercisedb_v1:Bn6TXyO,Sit-up V. 2,Abdominal,,yes
exercisedb_v1:6ZCiYWQ,Sit-up With Arms On Chest,Abdominal con brazos cruzados en el pecho,,yes
exercisedb_v1:gSO0KpB,Sit-up With Arms On Chest With Mini,Abdominal con brazos cruzados en el pecho - versión mini,,yes
exercisedb_v1:zfNHMN9,Skater Hops,Saltos de patinador,,yes
free_exercise_db:Skating,Skating,Patinaje,,yes
exercisedb_v1:vpQaQkH,Ski Ergometer,Ergómetro de esquí,,yes
exercisedb_v1:5MRH8H2,Ski Step,Paso de esquí,,yes
exercisedb_v1:MSfvriJ,Skin The Cat,Skin the cat,,yes
exercisedb_v1:WWD6FzI,Sled 45 Degrees One Leg Press,Prensa de piernas a 45 grados a una pierna,,yes
exercisedb_v1:4H86mXM,Sled 45 Degrees One Leg Press Pointed,Prensa de piernas a 45 grados a una pierna en punta,,yes
exercisedb_v1:2Qh2J1e,Sled 45° Leg Press (side Pov),Prensa de piernas a 45 grados,,yes
exercisedb_v1:qCNVnaU,Sled 45в° Calf Press,Press de talones a 45° en prensa,,yes
exercisedb_v1:10Z2DXU,Sled 45в° Leg Press,Prensa de piernas a 45 grados,,yes
exercisedb_v1:yn2lLSI,Sled 45в° Leg Press (back Pov),Prensa de piernas a 45 grados,,yes
exercisedb_v1:tj41Nu6,Sled 45в° Leg Wide Press,Prensa de piernas a 45 grados con postura amplia,,yes
exercisedb_v1:p0OCXGb,Sled 45в° Leg Wide Press - Blunt Variation,Prensa de piernas a 45 grados con postura amplia - variante directa,,yes
exercisedb_v1:ykHcWme,Sled Calf Press On Leg Press,Press de talones en prensa de piernas,,yes
exercisedb_v1:gf3ZjB9,Sled Closer Hack Squat,Sentadilla hack con postura cerrada,,yes
free_exercise_db:Sled_Drag_-_Harness,Sled Drag - Harness,Arrastre de trineo con arnés,,yes
exercisedb_v1:XDOiFns,Sled Forward Angled Calf Raise,Elevación de talones en prensa inclinada hacia adelante,,yes
exercisedb_v1:Qa55kX1,Sled Hack Squat,Sentadilla hack en máquina,,yes
exercisedb_v1:g376LuL,Sled Lying Calf Press,Press de talones acostado en prensa,,yes
exercisedb_v1:9n2149Z,Sled Lying Squat,Sentadilla acostado en prensa,,yes
exercisedb_v1:u0pLNgz,Sled One Leg Calf Press On Leg Press,Press de talones a una pierna en prensa de piernas,,yes
free_exercise_db:Sled_Overhead_Backward_Walk,Sled Overhead Backward Walk,Caminata hacia atrás con trineo y brazos por encima de la cabeza,,yes
free_exercise_db:Sled_Overhead_Triceps_Extension,Sled Overhead Triceps Extension,Extensión de tríceps por encima de la cabeza con trineo,,yes
free_exercise_db:Sled_Push,Sled Push,Empuje de trineo,,yes
free_exercise_db:Sled_Reverse_Flye,Sled Reverse Flye,Aperturas posteriores con trineo,,yes
free_exercise_db:Sled_Row,Sled Row,Remo con trineo,,yes
exercisedb_v1:REXmfVC,Sledge Hammer,Golpes con mazo,,yes
free_exercise_db:Sledgehammer_Swings,Sledgehammer Swings,Golpes con mazo sobre neumático,,yes
exercisedb_v1:xcLntTC,Slow Leg Pull In Flat Bench,Recogida de piernas lenta en banco plano,,yes
exercisedb_v1:MzNnwx9,Smith Back Shrug,Encogimiento de hombros por detrás en máquina Smith,,yes
exercisedb_v1:Gpn4ADc,Smith Behind Neck Press,Press tras nuca en máquina Smith,,yes
exercisedb_v1:trqKQv2,Smith Bench Press,Press de banca en máquina Smith,,yes
exercisedb_v1:1bQkKZK,Smith Bent Knee Good Morning,Buenos días con rodillas flexionadas en máquina Smith,,yes
exercisedb_v1:ZX9UZmj,Smith Bent Over Row,Remo inclinado en máquina Smith,,yes
exercisedb_v1:5lE7XRz,Smith Bent Over Row With Declined,Remo inclinado en máquina Smith (declinado),,yes
exercisedb_v1:Gu2rNJd,Smith Chair Squat,Sentadilla tipo silla en máquina Smith,,yes
exercisedb_v1:WcHl7ru,Smith Close-grip Bench Press,Press de banca con agarre cerrado en máquina Smith,,yes
exercisedb_v1:UfePqpx,Smith Deadlift,Peso muerto en máquina Smith,,yes
exercisedb_v1:ETZfAbZ,Smith Decline Bench Press,Press de banca declinado en máquina Smith,,yes
exercisedb_v1:MY9P1WA,Smith Decline Reverse-grip Press,Press declinado con agarre invertido en máquina Smith,,yes
exercisedb_v1:lFhb2Rw,Smith Front Squat (clean Grip),Sentadilla frontal con agarre de cargada en máquina Smith,,yes
exercisedb_v1:NNoHCEA,Smith Full Squat,Sentadilla completa en máquina Smith,,yes
exercisedb_v1:ZuPXtCK,Smith Hack Squat,Sentadilla hack en máquina Smith,,yes
exercisedb_v1:CqhoytW,Smith Hip Raise,Elevación de cadera en máquina Smith,,yes
exercisedb_v1:5v7KYld,Smith Incline Bench Press,Press de banca inclinado en máquina Smith,,yes
exercisedb_v1:78VqWQK,Smith Incline Reverse-grip Press,Press inclinado con agarre invertido en máquina Smith,,yes
free_exercise_db:Smith_Incline_Shoulder_Raise,Smith Incline Shoulder Raise,Elevación de hombros en banco inclinado en máquina Smith,,yes
exercisedb_v1:ayAHcEm,Smith Incline Shoulder Raises,Elevación de hombros inclinada en máquina Smith,,yes
exercisedb_v1:7zdxRTl,Smith Leg Press,Prensa de piernas en máquina Smith,,yes
exercisedb_v1:RGLscZM,Smith Low Bar Squat,Sentadilla con barra baja en máquina Smith,,yes
free_exercise_db:Smith_Machine_Behind_the_Back_Shrug,Smith Machine Behind the Back Shrug,Encogimiento de hombros por detrás de la espalda en máquina Smith,,yes
free_exercise_db:Smith_Machine_Bench_Press,Smith Machine Bench Press,Press de banca en máquina Smith,,yes
free_exercise_db:Smith_Machine_Bent_Over_Row,Smith Machine Bent Over Row,Remo inclinado en máquina Smith,,yes
exercisedb_v1:zILLZ98,Smith Machine Bicep Curl,Curl de bíceps en máquina Smith,,yes
free_exercise_db:Smith_Machine_Calf_Raise,Smith Machine Calf Raise,Elevación de talones en máquina Smith,,yes
free_exercise_db:Smith_Machine_Close-Grip_Bench_Press,Smith Machine Close-Grip Bench Press,Press de banca con agarre cerrado en máquina Smith,,yes
exercisedb_v1:yB9SvIF,Smith Machine Decline Close Grip Bench Press,Press de banca declinado con agarre cerrado en máquina Smith,,yes
free_exercise_db:Smith_Machine_Decline_Press,Smith Machine Decline Press,Press declinado en máquina Smith,,yes
free_exercise_db:Smith_Machine_Hang_Power_Clean,Smith Machine Hang Power Clean,Cargada de potencia colgante en máquina Smith,,yes
free_exercise_db:Smith_Machine_Hip_Raise,Smith Machine Hip Raise,Elevación de cadera en máquina Smith,,yes
free_exercise_db:Smith_Machine_Incline_Bench_Press,Smith Machine Incline Bench Press,Press de banca inclinado en máquina Smith,,yes
exercisedb_v1:o8aOcrz,Smith Machine Incline Tricep Extension,Extensión de tríceps inclinada en máquina Smith,,yes
exercisedb_v1:7WcQgkm,Smith Machine Incline Tricep Extension - Straight Variation,Extensión de tríceps inclinada recta en máquina Smith,,yes
free_exercise_db:Smith_Machine_Leg_Press,Smith Machine Leg Press,Prensa de piernas en máquina Smith,,yes
free_exercise_db:Smith_Machine_One-Arm_Upright_Row,Smith Machine One-Arm Upright Row,Remo al mentón a una mano en máquina Smith,,yes
free_exercise_db:Smith_Machine_Overhead_Shoulder_Press,Smith Machine Overhead Shoulder Press,Press de hombros sentado en máquina Smith,,yes
free_exercise_db:Smith_Machine_Pistol_Squat,Smith Machine Pistol Squat,Sentadilla a una pierna en máquina Smith,,yes
free_exercise_db:Smith_Machine_Reverse_Calf_Raises,Smith Machine Reverse Calf Raises,Elevación de talones invertida en máquina Smith,,yes
exercisedb_v1:QyO6Uma,Smith Machine Reverse Decline Close Grip Bench Press,Press de banca declinado con agarre cerrado invertido en máquina Smith,,yes
free_exercise_db:Smith_Machine_Squat,Smith Machine Squat,Sentadilla en máquina Smith,,yes
free_exercise_db:Smith_Machine_Stiff-Legged_Deadlift,Smith Machine Stiff-Legged Deadlift,Peso muerto con piernas rígidas en máquina Smith,,yes
free_exercise_db:Smith_Machine_Upright_Row,Smith Machine Upright Row,Remo al mentón en máquina Smith,,yes
exercisedb_v1:JGKowMS,Smith Narrow Row,Remo con agarre cerrado en máquina Smith,,yes
exercisedb_v1:Q4DSJPC,Smith One Arm Row,Remo a una mano en máquina Smith,,yes
exercisedb_v1:w44vFvP,Smith One Arm Row Linear,Remo a una mano en máquina Smith (lineal),,yes
exercisedb_v1:9GXrTE6,Smith One Leg Floor Calf Raise,Elevación de talones a una pierna en el suelo en máquina Smith,,yes
exercisedb_v1:nFUwqG6,Smith Rear Delt Row,Remo para deltoides posterior en máquina Smith,,yes
exercisedb_v1:Lsqrgh4,Smith Reverse Calf Raises,Elevación de talones invertida en máquina Smith,,yes
exercisedb_v1:ywaNfuh,Smith Reverse Calf Raises,Elevación de talones invertida en máquina Smith,,yes
exercisedb_v1:aaxA3cm,Smith Reverse Grip Bent Over Row,Remo inclinado con agarre invertido en máquina Smith,,yes
exercisedb_v1:zK8Fu1W,Smith Reverse-grip Press,Press con agarre invertido en máquina Smith,,yes
exercisedb_v1:0S75mYG,Smith Seated One Leg Calf Raise,Elevación de talones sentado a una pierna en máquina Smith,,yes
exercisedb_v1:xUwnBMT,Smith Seated Shoulder Press,Press de hombros sentado en máquina Smith,,yes
exercisedb_v1:B6dAO1t,Smith Seated Wrist Curl,Curl de muñeca sentado en máquina Smith,,yes
exercisedb_v1:903mzG8,Smith Shoulder Press,Press de hombros en máquina Smith,,yes
exercisedb_v1:OUQ0ZyW,Smith Shrug,Encogimiento de hombros en máquina Smith,,yes
exercisedb_v1:wWFspEi,Smith Single Leg Split Squat,Sentadilla dividida a una pierna en máquina Smith,,yes
free_exercise_db:Smith_Single-Leg_Split_Squat,Smith Single-Leg Split Squat,Sentadilla búlgara en máquina Smith,,yes
exercisedb_v1:HsjbB1z,Smith Sprint Lunge,Zancada de sprint en máquina Smith,,yes
exercisedb_v1:jFtipLl,Smith Squat,Sentadilla en máquina Smith,,yes
exercisedb_v1:hfmQ0Tz,Smith Standing Back Wrist Curl,Curl de muñeca invertido de pie en máquina Smith,,yes
exercisedb_v1:ht8xDrP,Smith Standing Behind Head Military Press,Press militar tras nuca de pie en máquina Smith,,yes
exercisedb_v1:6MaEjVA,Smith Standing Leg Calf Raise,Elevación de talones de pie en máquina Smith,,yes
exercisedb_v1:jjUPrze,Smith Standing Military Press,Press militar de pie en máquina Smith,,yes
exercisedb_v1:dzz6BiV,Smith Sumo Squat,Sentadilla sumo en máquina Smith,,yes
exercisedb_v1:Y4QlY8z,Smith Toe Raise,Elevación de puntas de pie en máquina Smith,,yes
exercisedb_v1:1DN3iz4,Smith Upright Row,Remo al mentón en máquina Smith,,yes
exercisedb_v1:zoOvPcx,Smith Wide Grip Bench Press,Press de banca con agarre abierto en máquina Smith,,yes
exercisedb_v1:wi2H9QX,Smith Wide Grip Decline Bench Press,Press de banca declinado con agarre abierto en máquina Smith,,yes
free_exercise_db:Snatch,Snatch,Arranque con barra,,yes
free_exercise_db:Snatch_Balance,Snatch Balance,Snatch balance,,yes
free_exercise_db:Snatch_Deadlift,Snatch Deadlift,Peso muerto de arranque,,yes
free_exercise_db:Snatch_Pull,Snatch Pull,Tirón de arranque,,yes
exercisedb_v1:dG5Smob,Snatch Pull,Tirón de arranque con barra,,yes
free_exercise_db:Snatch_Shrug,Snatch Shrug,Encogimiento de hombros de arranque con barra,,yes
free_exercise_db:Snatch_from_Blocks,Snatch from Blocks,Arranque desde bloques,,yes
free_exercise_db:Speed_Band_Overhead_Triceps,Speed Band Overhead Triceps,Extensión de tríceps por encima de la cabeza con banda elástica,,yes
free_exercise_db:Speed_Box_Squat,Speed Box Squat,Sentadilla al cajón de velocidad,,yes
free_exercise_db:Speed_Squats,Speed Squats,Sentadilla de velocidad con barra,,yes
free_exercise_db:Spell_Caster,Spell Caster,Spell caster con mancuernas,,yes
exercisedb_v1:p9cCe2r,Spell Caster,Spell caster con mancuerna,,yes
exercisedb_v1:DIVyqrU,Sphinx,Plancha esfinge,,yes
free_exercise_db:Spider_Crawl,Spider Crawl,Gateo de araña,,yes
exercisedb_v1:P9GFBME,Spider Crawl Push Up,Flexión spiderman,,yes
free_exercise_db:Spider_Curl,Spider Curl,Curl araña con barra Z,,yes
free_exercise_db:Spinal_Stretch,Spinal Stretch,Estiramiento de columna,,yes
exercisedb_v1:JbC2iaV,Spine Stretch,Estiramiento de columna,,yes
exercisedb_v1:2jl9K55,Spine Twist,Giro de columna,,yes
free_exercise_db:Split_Clean,Split Clean,Cargada en tijera con barra,,yes
free_exercise_db:Split_Jerk,Split Jerk,Envión en tijera con barra,,yes
free_exercise_db:Split_Jump,Split Jump,Salto en zancada,,yes
free_exercise_db:Split_Snatch,Split Snatch,Arranque en tijera,,yes
free_exercise_db:Split_Squat_with_Dumbbells,Split Squat with Dumbbells,Sentadilla búlgara con mancuernas,,yes
free_exercise_db:Split_Squats,Split Squats,Sentadilla dividida con salto,,yes
exercisedb_v1:9E25EOx,Split Squats,Sentadillas divididas,,yes
exercisedb_v1:AwAIlSo,Squared Reverse Grip Machine Lat Pulldown,Jalón al pecho con agarre supino en máquina (cuadrado),,yes
free_exercise_db:Squat_Jerk,Squat Jerk,Envión en sentadilla con barra,,yes
exercisedb_v1:IMRsOCn,Squat Jerk,Envión en sentadilla con barra,,yes
exercisedb_v1:T2fA5Ir,Squat On Bosu Ball,Sentadilla en bosu,,yes
exercisedb_v1:QChZi3x,Squat To Overhead Reach,Sentadilla con elevación de brazos por encima de la cabeza,,yes
exercisedb_v1:5BZHW9s,Squat To Overhead Reach With Twist,Sentadilla con elevación de brazos por encima de la cabeza y giro,,yes
free_exercise_db:Squat_with_Bands,Squat with Bands,Sentadilla con bandas elásticas,,yes
free_exercise_db:Squat_with_Chains,Squat with Chains,Sentadilla con cadenas,,yes
free_exercise_db:Squat_with_Plate_Movers,Squat with Plate Movers,Sentadilla con desplazamiento de disco,,yes
free_exercise_db:Squats_-_With_Bands,Squats - With Bands,Sentadilla con banda elástica,,yes
exercisedb_v1:Gn5FwYT,Stability Ball Crunch (full Range Hands Behind Head),Crunch en fitball con recorrido completo y manos tras la nuca,,yes
exercisedb_v1:1u36hhy,Stability Lever Narrow Grip Seated Row,Remo sentado con agarre cerrado en máquina - estabilidad,,yes
exercisedb_v1:JxrY9mC,Stability Style Band Kneeling One Arm Pulldown,Jalón a una mano de rodillas con banda elástica (estilo estabilidad),,yes
free_exercise_db:Stairmaster,Stairmaster,Escaladora (stairmaster),,yes
exercisedb_v1:zd4P4B2,Stalder Press,Stalder press,,yes
free_exercise_db:Standing_Alternating_Dumbbell_Press,Standing Alternating Dumbbell Press,Press de hombros alterno de pie con mancuernas,,yes
exercisedb_v1:JF8AkMX,Standing Archer,Arquero de pie,,yes
free_exercise_db:Standing_Barbell_Calf_Raise,Standing Barbell Calf Raise,Elevación de talones de pie con barra,,yes
free_exercise_db:Standing_Barbell_Press_Behind_Neck,Standing Barbell Press Behind Neck,Press tras nuca de pie con barra,,yes
exercisedb_v1:xDh0lJr,Standing Behind Neck Press,Press tras nuca de pie con barra,,yes
free_exercise_db:Standing_Bent-Over_One-Arm_Dumbbell_Triceps_Extension,Standing Bent-Over One-Arm Dumbbell Triceps Extension,Extensión de tríceps a una mano de pie e inclinado hacia adelante con mancuerna,,yes
free_exercise_db:Standing_Bent-Over_Two-Arm_Dumbbell_Triceps_Extension,Standing Bent-Over Two-Arm Dumbbell Triceps Extension,Extensión de tríceps a dos manos de pie e inclinado hacia adelante con mancuernas,,yes
free_exercise_db:Standing_Biceps_Cable_Curl,Standing Biceps Cable Curl,Curl de bíceps de pie en polea,,yes
free_exercise_db:Standing_Biceps_Stretch,Standing Biceps Stretch,Estiramiento de bíceps de pie,,yes
free_exercise_db:Standing_Bradford_Press,Standing Bradford Press,Press Bradford de pie,,yes
free_exercise_db:Standing_Cable_Chest_Press,Standing Cable Chest Press,Press de pecho de pie en polea,,yes
free_exercise_db:Standing_Cable_Lift,Standing Cable Lift,Leñador invertido en polea de pie,,yes
free_exercise_db:Standing_Cable_Wood_Chop,Standing Cable Wood Chop,Leñador en polea de pie,,yes
exercisedb_v1:6HmFgmx,Standing Calf Raise (on A Staircase),Elevación de talones de pie en una escalera,,yes
free_exercise_db:Standing_Calf_Raises,Standing Calf Raises,Elevación de talones de pie en máquina,,yes
exercisedb_v1:XIHEoCG,Standing Calves,Elevación de talones de pie,,yes
exercisedb_v1:qOKcgVP,Standing Calves Calf Stretch,Estiramiento de pantorrilla de pie,,yes
free_exercise_db:Standing_Concentration_Curl,Standing Concentration Curl,Curl concentrado de pie con mancuerna,,yes
free_exercise_db:Standing_Dumbbell_Calf_Raise,Standing Dumbbell Calf Raise,Elevación de talones de pie con mancuernas,,yes
free_exercise_db:Standing_Dumbbell_Press,Standing Dumbbell Press,Press de hombros de pie con mancuernas,,yes
free_exercise_db:Standing_Dumbbell_Reverse_Curl,Standing Dumbbell Reverse Curl,Curl invertido de pie con mancuernas,,yes
free_exercise_db:Standing_Dumbbell_Straight-Arm_Front_Delt_Raise_Above_Head,Standing Dumbbell Straight-Arm Front Delt Raise Above Head,Elevación frontal con mancuernas de pie con brazos rectos por encima de la cabeza,,yes
free_exercise_db:Standing_Dumbbell_Triceps_Extension,Standing Dumbbell Triceps Extension,Extensión de tríceps de pie con mancuerna a dos manos,,yes
free_exercise_db:Standing_Dumbbell_Upright_Row,Standing Dumbbell Upright Row,Remo al mentón de pie con mancuernas,,yes
free_exercise_db:Standing_Elevated_Quad_Stretch,Standing Elevated Quad Stretch,Estiramiento de cuádriceps de pie con pie elevado,,yes
free_exercise_db:Standing_Front_Barbell_Raise_Over_Head,Standing Front Barbell Raise Over Head,Elevación frontal de pie con barra por encima de la cabeza,,yes
free_exercise_db:Standing_Gastrocnemius_Calf_Stretch,Standing Gastrocnemius Calf Stretch,Estiramiento de gemelo de pie,,yes
exercisedb_v1:xTjr103,Standing Hamstring And Calf Stretch With Strap,Estiramiento de isquiotibiales y pantorrilla de pie con correa,,yes
free_exercise_db:Standing_Hamstring_and_Calf_Stretch,Standing Hamstring and Calf Stretch,Estiramiento de isquiotibiales y pantorrilla de pie,,yes
free_exercise_db:Standing_Hip_Circles,Standing Hip Circles,Círculos de cadera de pie,,yes
free_exercise_db:Standing_Hip_Flexors,Standing Hip Flexors,Estiramiento de flexores de cadera de pie,,yes
free_exercise_db:Standing_Inner-Biceps_Curl,Standing Inner-Biceps Curl,Curl de pie en abducción con mancuernas,,yes
free_exercise_db:Standing_Lateral_Stretch,Standing Lateral Stretch,Estiramiento lateral de pie,,yes
exercisedb_v1:1jXLYEw,Standing Lateral Stretch,Estiramiento lateral de pie,,yes
free_exercise_db:Standing_Leg_Curl,Standing Leg Curl,Curl femoral de pie en máquina,,yes
free_exercise_db:Standing_Long_Jump,Standing Long Jump,Salto de longitud sin carrera,,yes
free_exercise_db:Standing_Low-Pulley_Deltoid_Raise,Standing Low-Pulley Deltoid Raise,Elevación de deltoides de pie en polea baja,,yes
free_exercise_db:Standing_Low-Pulley_One-Arm_Triceps_Extension,Standing Low-Pulley One-Arm Triceps Extension,Extensión de tríceps de pie a una mano en polea baja,,yes
free_exercise_db:Standing_Military_Press,Standing Military Press,Press militar de pie,,yes
free_exercise_db:Standing_Olympic_Plate_Hand_Squeeze,Standing Olympic Plate Hand Squeeze,Cierre de mano con disco olímpico de pie,,yes
free_exercise_db:Standing_One-Arm_Cable_Curl,Standing One-Arm Cable Curl,Curl a una mano de pie en polea,,yes
free_exercise_db:Standing_One-Arm_Dumbbell_Curl_Over_Incline_Bench,Standing One-Arm Dumbbell Curl Over Incline Bench,Curl de pie sobre banco inclinado con mancuerna a una mano,,yes
free_exercise_db:Standing_One-Arm_Dumbbell_Triceps_Extension,Standing One-Arm Dumbbell Triceps Extension,Extensión de tríceps de pie con mancuerna a una mano,,yes
free_exercise_db:Standing_Overhead_Barbell_Triceps_Extension,Standing Overhead Barbell Triceps Extension,Extensión de tríceps por encima de la cabeza de pie con barra,,yes
free_exercise_db:Standing_Palm-In_One-Arm_Dumbbell_Press,Standing Palm-In One-Arm Dumbbell Press,Press de hombros con mancuerna a una mano de pie con agarre neutro,,yes
free_exercise_db:Standing_Palms-In_Dumbbell_Press,Standing Palms-In Dumbbell Press,Press de hombros con mancuernas de pie con agarre neutro,,yes
free_exercise_db:Standing_Palms-Up_Barbell_Behind_The_Back_Wrist_Curl,Standing Palms-Up Barbell Behind The Back Wrist Curl,Curl de muñeca tras la espalda de pie con barra y palmas hacia arriba,,yes
free_exercise_db:Standing_Pelvic_Tilt,Standing Pelvic Tilt,Inclinación pélvica de pie,,yes
exercisedb_v1:cuKYxhu,Standing Pelvic Tilt,Inclinación pélvica de pie,,yes
free_exercise_db:Standing_Rope_Crunch,Standing Rope Crunch,Crunch de pie en polea con cuerda,,yes
exercisedb_v1:C5jncD2,Standing Single Leg Curl,Curl femoral de pie a una pierna,,yes
free_exercise_db:Standing_Soleus_And_Achilles_Stretch,Standing Soleus And Achilles Stretch,Estiramiento de sóleo y tendón de Aquiles de pie,,yes
free_exercise_db:Standing_Toe_Touches,Standing Toe Touches,Toque de puntas de los pies de pie,,yes
free_exercise_db:Standing_Towel_Triceps_Extension,Standing Towel Triceps Extension,Extensión de tríceps con toalla de pie,,yes
free_exercise_db:Standing_Two-Arm_Overhead_Throw,Standing Two-Arm Overhead Throw,Lanzamiento por encima de la cabeza a dos manos de pie con balón medicinal,,yes
exercisedb_v1:KtRomty,Standing Wheel Rollerout,Rueda abdominal de pie,,yes
free_exercise_db:Star_Jump,Star Jump,Salto estrella,,yes
exercisedb_v1:HtfCpfi,Star Jump (male),Salto de estrella,,yes
exercisedb_v1:H1PESYI,Stationary Bike Run,Bicicleta estática,,yes
exercisedb_v1:a8VDgLw,Stationary Bike Walk,Bicicleta estática,,yes
free_exercise_db:Step_Mill,Step Mill,Escaleras mecánicas (stepmill),,yes
free_exercise_db:Step-up_with_Knee_Raise,Step-up with Knee Raise,Subida al cajón con elevación de rodilla,,yes
free_exercise_db:Stiff_Leg_Barbell_Good_Morning,Stiff Leg Barbell Good Morning,Buenos días con barra y piernas rígidas,,yes
free_exercise_db:Stiff-Legged_Barbell_Deadlift,Stiff-Legged Barbell Deadlift,Peso muerto con piernas rígidas con barra,,yes
free_exercise_db:Stiff-Legged_Dumbbell_Deadlift,Stiff-Legged Dumbbell Deadlift,Peso muerto con piernas rígidas con mancuernas,,yes
free_exercise_db:Stomach_Vacuum,Stomach Vacuum,Vacío abdominal,,yes
exercisedb_v1:HfqciZF,Straddle Maltese,Maltese en straddle,,yes
exercisedb_v1:BL3GHeY,Straddle Planche,Planche en straddle,,yes
free_exercise_db:Straight_Bar_Bench_Mid_Rows,Straight Bar Bench Mid Rows,Remo con barra recta de pie sobre banco,,yes
exercisedb_v1:mQ1tBXn,Straight Leg Outer Hip Abductor,Abducción de cadera con pierna recta acostado de lado,,yes
free_exercise_db:Straight_Raises_on_Incline_Bench,Straight Raises on Incline Bench,Elevación con brazos rectos en banco inclinado,,yes
free_exercise_db:Straight-Arm_Dumbbell_Pullover,Straight-Arm Dumbbell Pullover,Pullover con mancuerna y brazos extendidos,,yes
free_exercise_db:Straight-Arm_Pulldown,Straight-Arm Pulldown,Jalón con brazos extendidos en polea,,yes
exercisedb_v1:mAYqY4M,Stretched Full Planche Push-up,Flexión en planche completo estirado,,yes
free_exercise_db:Stride_Jump_Crossover,Stride Jump Crossover,Salto en zancada con cruce,,yes
free_exercise_db:Sumo_Deadlift,Sumo Deadlift,Peso muerto sumo,,yes
free_exercise_db:Sumo_Deadlift_with_Bands,Sumo Deadlift with Bands,Peso muerto sumo con bandas elásticas,,yes
free_exercise_db:Sumo_Deadlift_with_Chains,Sumo Deadlift with Chains,Peso muerto sumo con cadenas,,yes
free_exercise_db:Superman,Superman,Superman,,yes
exercisedb_v1:4GqRrAk,Superman Push-up,Flexión superman,,yes
free_exercise_db:Supine_Chest_Throw,Supine Chest Throw,Lanzamiento de pecho boca arriba con balón medicinal,,yes
free_exercise_db:Supine_One-Arm_Overhead_Throw,Supine One-Arm Overhead Throw,Lanzamiento por encima de la cabeza boca arriba a una mano,,yes
exercisedb_v1:UI81amT,Supine Style Band Alternating V-up,V-up alterno boca arriba con banda elástica,,yes
free_exercise_db:Supine_Two-Arm_Overhead_Throw,Supine Two-Arm Overhead Throw,Lanzamiento por encima de la cabeza boca arriba a dos manos,,yes
exercisedb_v1:X3TCNEU,Suspended Abdominal Fallout,Fallout abdominal en suspensión,,yes
exercisedb_v1:HZgQPxh,Suspended Abdominal Fallout - Inclined Variation,Fallout abdominal inclinado en suspensión,,yes
free_exercise_db:Suspended_Fallout,Suspended Fallout,Fallout en suspensión,,yes
free_exercise_db:Suspended_Push-Up,Suspended Push-Up,Flexión en suspensión,,yes
exercisedb_v1:IaGQCrC,Suspended Push-up,Flexión en suspensión,,yes
free_exercise_db:Suspended_Reverse_Crunch,Suspended Reverse Crunch,Crunch invertido en suspensión,,yes
exercisedb_v1:R1WYG5D,Suspended Reverse Crunch,Crunch invertido en suspensión,,yes
free_exercise_db:Suspended_Row,Suspended Row,Remo en suspensión,,yes
exercisedb_v1:4OaumBr,Suspended Row,Remo en suspensión,,yes
free_exercise_db:Suspended_Split_Squat,Suspended Split Squat,Sentadilla dividida en suspensión,,yes
exercisedb_v1:QpXqiq8,Suspended Split Squat,Sentadilla dividida en suspensión,,yes
free_exercise_db:Svend_Press,Svend Press,Press Svend,,yes
exercisedb_v1:SP3hUez,Swimmer Kicks V. 2 (male),Patadas de nadador,,yes
exercisedb_v1:tnaj0mT,Swing 360,Swing 360,,yes
free_exercise_db:T-Bar_Row_with_Handle,T-Bar Row with Handle,Remo en T con agarre,,yes
exercisedb_v1:DICPHtq,Targeted Style Single Leg Calf Raise (on A Dumbbell),Elevación de talones a una pierna sobre una mancuerna con control focalizado,,yes
exercisedb_v1:C8Crfa4,Targeted Style Smith Close-grip Bench Press,Press de banca con agarre cerrado en máquina Smith (estilo enfocado),,yes
free_exercise_db:Tate_Press,Tate Press,Tate press con mancuernas,,yes
free_exercise_db:The_Straddle,The Straddle,Estiramiento en V sentado,,yes
free_exercise_db:Thigh_Abductor,Thigh Abductor,Abducción de piernas en máquina,,yes
free_exercise_db:Thigh_Adductor,Thigh Adductor,Aducción de piernas en máquina,,yes
exercisedb_v1:DQ0cqkT,Three Bench Dip,Fondo con tres bancos,,yes
free_exercise_db:Tire_Flip,Tire Flip,Volteo de neumático,,yes
exercisedb_v1:oZjMu1t,Tire Flip,Volteo de neumático,,yes
free_exercise_db:Toe_Touchers,Toe Touchers,Toques a las puntas de los pies,,yes
free_exercise_db:Torso_Rotation,Torso Rotation,Rotación de torso con fitball,,yes
exercisedb_v1:myJeTAe,Tough Cable One Arm Lateral Raise,Elevación lateral en polea a una mano,,yes
exercisedb_v1:o6LqKKP,Traditional Barbell Romanian Deadlift,Peso muerto rumano tradicional con barra,,yes
free_exercise_db:Trail_Running_Walking,Trail Running/Walking,Correr o caminar por senderos,,yes
free_exercise_db:Trap_Bar_Deadlift,Trap Bar Deadlift,Peso muerto con barra hexagonal,,yes
exercisedb_v1:jQGwmxN,Trap Bar Deadlift,Peso muerto con barra hexagonal,,yes
free_exercise_db:Tricep_Dumbbell_Kickback,Tricep Dumbbell Kickback,Patada de tríceps con mancuernas,,yes
free_exercise_db:Tricep_Side_Stretch,Tricep Side Stretch,Estiramiento lateral de tríceps,,yes
exercisedb_v1:X6C6i5Y,Triceps Dip,Fondo de tríceps,,yes
exercisedb_v1:VuoerH0,Triceps Dip (bench Leg),Fondo de tríceps en banco con piernas extendidas,,yes
exercisedb_v1:Wgbn9qo,Triceps Dip (between Benches),Fondo de tríceps entre bancos,,yes
exercisedb_v1:9ZGnq1w,Triceps Dip (between Benches) - Extreme Variation,Fondo de tríceps entre bancos - variante extrema,,yes
exercisedb_v1:7aVz15j,Triceps Dips Floor,Fondos de tríceps en el suelo,,yes
free_exercise_db:Triceps_Overhead_Extension_with_Rope,Triceps Overhead Extension with Rope,Extensión de tríceps por encima de la cabeza con cuerda en polea,,yes
exercisedb_v1:fSrPP6B,Triceps Press,Press de tríceps,,yes
free_exercise_db:Triceps_Pushdown,Triceps Pushdown,Extensión de tríceps en polea,,yes
free_exercise_db:Triceps_Pushdown_-_Rope_Attachment,Triceps Pushdown - Rope Attachment,Extensión de tríceps en polea con cuerda,,yes
free_exercise_db:Triceps_Pushdown_-_V-Bar_Attachment,Triceps Pushdown - V-Bar Attachment,Extensión de tríceps en polea con barra en V,,yes
free_exercise_db:Triceps_Stretch,Triceps Stretch,Estiramiento de tríceps,,yes
exercisedb_v1:uOV3Itw,Triceps Stretch,Estiramiento de tríceps,,yes
exercisedb_v1:Dx2RIva,Triple Style Sled One Leg Calf Press On Leg Press,Press de talones a una pierna en prensa de piernas estilo triple,,yes
free_exercise_db:Tuck_Crunch,Tuck Crunch,Crunch con piernas recogidas,,yes
exercisedb_v1:BMMolZ3,Tuck Crunch,Crunch agrupado,,yes
exercisedb_v1:rkg41Fb,Twin Handle Parallel Grip Lat Pulldown,Jalón al pecho con doble agarre paralelo en polea,,yes
exercisedb_v1:AX1kB0o,Twist Hip Lift,Elevación de cadera con giro,,yes
exercisedb_v1:C0eCeEt,Twisted Leg Raise,Elevación de piernas con giro,,yes
exercisedb_v1:yT9tk17,Twisted Leg Raise (female),Elevación de piernas con giro,,yes
exercisedb_v1:ninBEOY,Twisted Side-to-side Chin,Dominada de lado a lado con giro,,yes
exercisedb_v1:p195zsJ,Two Toe Touch (male),Toque de puntas de los pies a dos manos,,yes
free_exercise_db:Two-Arm_Dumbbell_Preacher_Curl,Two-Arm Dumbbell Preacher Curl,Curl predicador a dos manos con mancuernas,,yes
free_exercise_db:Two-Arm_Kettlebell_Clean,Two-Arm Kettlebell Clean,Cargada con pesas rusas a dos manos,,yes
free_exercise_db:Two-Arm_Kettlebell_Jerk,Two-Arm Kettlebell Jerk,Envión con pesas rusas a dos manos,,yes
free_exercise_db:Two-Arm_Kettlebell_Military_Press,Two-Arm Kettlebell Military Press,Press militar con pesas rusas a dos manos,,yes
free_exercise_db:Two-Arm_Kettlebell_Row,Two-Arm Kettlebell Row,Remo con pesas rusas a dos manos,,yes
free_exercise_db:Underhand_Cable_Pulldowns,Underhand Cable Pulldowns,Jalón al pecho con agarre supino en polea,,yes
free_exercise_db:Upper_Back_Stretch,Upper Back Stretch,Estiramiento de la espalda alta,,yes
exercisedb_v1:GSDioYu,Upper Back Stretch,Estiramiento de la espalda alta,,yes
free_exercise_db:Upper_Back-Leg_Grab,Upper Back-Leg Grab,Estiramiento de espalda alta abrazando las piernas,,yes
free_exercise_db:Upright_Barbell_Row,Upright Barbell Row,Remo al mentón con barra,,yes
free_exercise_db:Upright_Cable_Row,Upright Cable Row,Remo al mentón en polea,,yes
free_exercise_db:Upright_Row_-_With_Bands,Upright Row - With Bands,Remo al mentón con banda elástica,,yes
exercisedb_v1:afv0ZAS,Upright Smith Incline Bench Press,Press de banca inclinado erguido en máquina Smith,,yes
exercisedb_v1:01qpYSe,Upward Facing Dog,Perro mirando hacia arriba,,yes
free_exercise_db:Upward_Stretch,Upward Stretch,Estiramiento hacia arriba,,yes
free_exercise_db:V-Bar_Pulldown,V-Bar Pulldown,Jalón al pecho con barra en V,,yes
free_exercise_db:V-Bar_Pullup,V-Bar Pullup,Dominada con barra en V,,yes
exercisedb_v1:ZuXu4Eq,V-sit On Floor,V-sit en el suelo,,yes
exercisedb_v1:ZNgOYQU,Vertical Leg Raise (on Parallel Bars),Elevación vertical de piernas en paralelas,,yes
free_exercise_db:Vertical_Swing,Vertical Swing,Swing vertical con mancuerna,,yes
exercisedb_v1:rjtuP6X,Walk Elliptical Cross Trainer,Caminata en elíptica,,yes
exercisedb_v1:pFuK3by,Walk Elliptical Cross Trainer - Expanded Variation,Caminata en elíptica - variante ampliada,,yes
exercisedb_v1:J9zIWig,Walking High Knees Lunge,Zancada caminando con rodilla alta,,yes
exercisedb_v1:IZVHb27,Walking Lunge,Zancada caminando,,yes
exercisedb_v1:rjiM4L3,Walking On Incline Treadmill,Caminata en cinta inclinada,,yes
exercisedb_v1:j9Q5crt,Walking On Stepmill,Caminata en escaladora,,yes
free_exercise_db:Walking_Treadmill,"Walking, Treadmill",Caminata en cinta,,yes
exercisedb_v1:W7yh3Yo,Wall Style Dumbbell One Arm French Press On Exercise Ball,Press francés a una mano con mancuerna en fitball,,yes
exercisedb_v1:ookVu2D,Wall Style Dumbbell Pullover Hip Extension On Exercise Ball,Pullover con extensión de cadera con mancuerna en fitball contra la pared,,yes
free_exercise_db:Weighted_Ball_Hyperextension,Weighted Ball Hyperextension,Hiperextensión en fitball con lastre,,yes
free_exercise_db:Weighted_Ball_Side_Bend,Weighted Ball Side Bend,Flexión lateral en fitball con disco,,yes
free_exercise_db:Weighted_Bench_Dip,Weighted Bench Dip,Fondos en banco con lastre,,yes
exercisedb_v1:MU9HnE7,Weighted Bench Dip,Fondo en banco con lastre,,yes
exercisedb_v1:Gk1r408,Weighted Close Grip Chin-up On Dip Cage,Dominada supina con agarre cerrado y lastre en jaula de fondos,,yes
exercisedb_v1:GWoKnIm,Weighted Cossack Squats (male),Sentadilla cosaca con lastre,,yes
exercisedb_v1:s8nrDXF,Weighted Crunch,Crunch con lastre,,yes
free_exercise_db:Weighted_Crunches,Weighted Crunches,Crunch con lastre,,yes
exercisedb_v1:EZeDVzO,Weighted Decline Sit-up,Abdominal declinado con lastre,,yes
exercisedb_v1:LmaFNZS,Weighted Donkey Calf Raise,Elevación de talones tipo burro con lastre,,yes
exercisedb_v1:PSlvNMs,Weighted Drop Push Up,Flexión con caída y lastre,,yes
exercisedb_v1:VBAWRPG,Weighted Front Plank,Plancha frontal con lastre,,yes
exercisedb_v1:e4aFmFY,Weighted Front Raise,Elevación frontal con peso,,yes
exercisedb_v1:QOA0FD0,Weighted Hanging Leg-hip Raise,Elevación de piernas y cadera colgado con lastre,,yes
exercisedb_v1:8urJS9b,Weighted Hyperextension (on Stability Ball),Hiperextensión en fitball con lastre,,yes
free_exercise_db:Weighted_Jump_Squat,Weighted Jump Squat,Sentadilla con salto con lastre,,yes
exercisedb_v1:7uFJuXp,Weighted Kneeling Step With Swing,Swing de rodillas con peso,,yes
exercisedb_v1:5WiFcYk,Weighted Lunge With Swing,Zancada con swing y lastre,,yes
exercisedb_v1:9vz4JlC,Weighted Lunge With Swing Twisted,Zancada con swing y giro con lastre,,yes
exercisedb_v1:JsOV1SU,Weighted Muscle Up,Muscle up con lastre,,yes
exercisedb_v1:MCkqdKE,Weighted Muscle Up (on Bar),Muscle up en barra con lastre,,yes
exercisedb_v1:fXfqg1E,Weighted One Hand Pull Up,Dominada a una mano con lastre,,yes
exercisedb_v1:J1vH2X0,Weighted One Hand Pull Up Fast,Dominada rápida a una mano con lastre,,yes
exercisedb_v1:xmM75XG,Weighted Overhead Crunch (on Stability Ball),Crunch con peso por encima de la cabeza en fitball,,yes
free_exercise_db:Weighted_Pull_Ups,Weighted Pull Ups,Dominada con lastre,,yes
exercisedb_v1:HMzLjXx,Weighted Pull-up,Dominada con lastre,,yes
exercisedb_v1:VLYXo8S,Weighted Round Arm,Aperturas posteriores con peso,,yes
exercisedb_v1:fZFZ704,Weighted Russian Twist,Giro ruso con lastre,,yes
exercisedb_v1:WU9BLIs,Weighted Russian Twist (legs Up),Giro ruso con lastre y piernas elevadas,,yes
exercisedb_v1:YIUAtYf,Weighted Russian Twist V. 2,Giro ruso con lastre,,yes
exercisedb_v1:b4b6afT,Weighted Seated Bicep Curl (on Stability Ball),Curl de bíceps sentado con lastre en fitball,,yes
exercisedb_v1:s34Y4LR,Weighted Seated Twist (on Stability Ball),Giro sentado con peso en fitball,,yes
exercisedb_v1:6bOA1Oi,Weighted Side Bend (on Stability Ball),Inclinación lateral con peso en fitball,,yes
free_exercise_db:Weighted_Sissy_Squat,Weighted Sissy Squat,Sissy squat con lastre,,yes
exercisedb_v1:0lQnxMZ,Weighted Sissy Squat,Sissy squat con lastre,,yes
free_exercise_db:Weighted_Sit-Ups_-_With_Bands,Weighted Sit-Ups - With Bands,Abdominal con bandas elásticas,,yes
free_exercise_db:Weighted_Squat,Weighted Squat,Sentadilla con lastre,,yes
exercisedb_v1:JZuApnB,Weighted Squat,Sentadilla con lastre,,yes
exercisedb_v1:M5Y7GPg,Weighted Standing Curl,Curl de bíceps de pie con peso,,yes
exercisedb_v1:bjqbauy,Weighted Standing Hand Squeeze,Apretón de manos de pie con lastre,,yes
exercisedb_v1:Ff18ItA,Weighted Straight Bar Dip,Fondo en barra recta con lastre,,yes
exercisedb_v1:13VW2VO,Weighted Stretch Lunge,Zancada con estiramiento y lastre,,yes
exercisedb_v1:I1OBLnn,Weighted Svend Press,Press Svend con lastre,,yes
exercisedb_v1:gtO1ErP,Weighted Three Bench Dips,Fondos en tres bancos con lastre,,yes
exercisedb_v1:bZq4bwK,Weighted Tricep Dips,Fondos de tríceps con lastre,,yes
exercisedb_v1:K1vlode,Weighted Triceps Dip On High Parallel Bars,Fondo de tríceps en paralelas altas con lastre,,yes
exercisedb_v1:NAgVB3t,Wheel Rollerout,Rueda abdominal,,yes
exercisedb_v1:km2Ljzj,Wheel Run,Rodada con rueda abdominal,,yes
exercisedb_v1:Qqi7bko,Wide Grip Pull-up,Dominada con agarre abierto,,yes
exercisedb_v1:OYFhXVD,Wide Grip Rear Pull-up,Dominada tras nuca con agarre abierto,,yes
exercisedb_v1:JmMVpR3,Wide Hand Push Up,Flexión con manos abiertas,,yes
free_exercise_db:Wide_Stance_Barbell_Squat,Wide Stance Barbell Squat,Sentadilla con barra y postura amplia,,yes
free_exercise_db:Wide_Stance_Stiff_Legs,Wide Stance Stiff Legs,Peso muerto con piernas rígidas y postura amplia,,yes
free_exercise_db:Wide-Grip_Barbell_Bench_Press,Wide-Grip Barbell Bench Press,Press de banca con barra y agarre abierto,,yes
free_exercise_db:Wide-Grip_Decline_Barbell_Bench_Press,Wide-Grip Decline Barbell Bench Press,Press de banca declinado con barra y agarre abierto,,yes
free_exercise_db:Wide-Grip_Decline_Barbell_Pullover,Wide-Grip Decline Barbell Pullover,Pullover declinado con barra y agarre abierto,,yes
free_exercise_db:Wide-Grip_Lat_Pulldown,Wide-Grip Lat Pulldown,Jalón al pecho con agarre abierto,,yes
free_exercise_db:Wide-Grip_Pulldown_Behind_The_Neck,Wide-Grip Pulldown Behind The Neck,Jalón tras nuca con agarre abierto,,yes
free_exercise_db:Wide-Grip_Rear_Pull-Up,Wide-Grip Rear Pull-Up,Dominada tras nuca con agarre abierto,,yes
free_exercise_db:Wide-Grip_Standing_Barbell_Curl,Wide-Grip Standing Barbell Curl,Curl de pie con barra y agarre abierto,,yes
exercisedb_v1:O2K9Vb5,Wide-grip Chest Dip On High Parallel Bars,Fondo de pecho con agarre abierto en paralelas altas,,yes
exercisedb_v1:FSF9WOs,Wide-grip Chest Dip On High Parallel Bars - Low Variation,Fondo de pecho con agarre abierto en paralelas altas (variante baja),,yes
free_exercise_db:Wind_Sprints,Wind Sprints,Sprint colgado en barra de dominadas,,yes
exercisedb_v1:Qoujh3Q,Wind Sprints,Sprints,,yes
free_exercise_db:Windmills,Windmills,Molinos acostado,,yes
exercisedb_v1:DFGXwZr,World Greatest Stretch,El mejor estiramiento del mundo,,yes
free_exercise_db:Worlds_Greatest_Stretch,World's Greatest Stretch,El mejor estiramiento del mundo,,yes
free_exercise_db:Wrist_Circles,Wrist Circles,Círculos de muñeca,,yes
exercisedb_v1:2zNKRUB,Wrist Circles,Círculos de muñeca,,yes
free_exercise_db:Wrist_Roller,Wrist Roller,Rodillo de muñeca,,yes
exercisedb_v1:bd5b860,Wrist Rollerer,Enrollador de muñeca,,yes
free_exercise_db:Wrist_Rotations_with_Straight_Bar,Wrist Rotations with Straight Bar,Rotaciones de muñeca con barra recta,,yes
free_exercise_db:Yoke_Walk,Yoke Walk,Caminata con yugo,,yes
free_exercise_db:Zercher_Squats,Zercher Squats,Sentadilla Zercher,,yes
free_exercise_db:Zottman_Curl,Zottman Curl,Curl Zottman con mancuernas,,yes
free_exercise_db:Zottman_Preacher_Curl,Zottman Preacher Curl,Curl Zottman en banco predicador,,yes
